"artist_uri","artist_name","artist_id","artist_url"
"spotify:artist:16rCzZOMQX7P8Kmn5YKexI","Mahalia","16rCzZOMQX7P8Kmn5YKexI","https://api.spotify.com/v1/artists/16rCzZOMQX7P8Kmn5YKexI"
"spotify:artist:6rIaHuCIUu32uj2CjlEBN3","Mike Dimes","6rIaHuCIUu32uj2CjlEBN3","https://api.spotify.com/v1/artists/6rIaHuCIUu32uj2CjlEBN3"
"spotify:artist:6Rw7DRa1dzChBvxGPCpOxU","Niko Moon","6Rw7DRa1dzChBvxGPCpOxU","https://api.spotify.com/v1/artists/6Rw7DRa1dzChBvxGPCpOxU"
"spotify:artist:6pBNfggcZZDCmb0p92OnGn","Chase Rice","6pBNfggcZZDCmb0p92OnGn","https://api.spotify.com/v1/artists/6pBNfggcZZDCmb0p92OnGn"
"spotify:artist:3qm84nBOXUEQ2vnTfUTTFC","Guns N' Roses","3qm84nBOXUEQ2vnTfUTTFC","https://api.spotify.com/v1/artists/3qm84nBOXUEQ2vnTfUTTFC"
"spotify:artist:1GXBaX5YUjOrrXch1sGepn","BEXAR","1GXBaX5YUjOrrXch1sGepn","https://api.spotify.com/v1/artists/1GXBaX5YUjOrrXch1sGepn"
"spotify:artist:3Z02hBLubJxuFJfhacLSDc","Bryan Adams","3Z02hBLubJxuFJfhacLSDc","https://api.spotify.com/v1/artists/3Z02hBLubJxuFJfhacLSDc"
"spotify:artist:3UbyYnvNIT5DFXU4WgiGpP","Whitesnake","3UbyYnvNIT5DFXU4WgiGpP","https://api.spotify.com/v1/artists/3UbyYnvNIT5DFXU4WgiGpP"
"spotify:artist:4dpARuHxo51G3z768sgnrY","Adele","4dpARuHxo51G3z768sgnrY","https://api.spotify.com/v1/artists/4dpARuHxo51G3z768sgnrY"
"spotify:artist:2KZnFwKkzZwaTe74507ZLD","Whookilledkenny","2KZnFwKkzZwaTe74507ZLD","https://api.spotify.com/v1/artists/2KZnFwKkzZwaTe74507ZLD"
"spotify:artist:0X3nsc84A9qlFilmlWNwQb","Scorey","0X3nsc84A9qlFilmlWNwQb","https://api.spotify.com/v1/artists/0X3nsc84A9qlFilmlWNwQb"
"spotify:artist:1A9o3Ljt67pFZ89YtPPL5X","Snoh Aalegra","1A9o3Ljt67pFZ89YtPPL5X","https://api.spotify.com/v1/artists/1A9o3Ljt67pFZ89YtPPL5X"
"spotify:artist:2IvkS5MXK0vPGnwyJsrEyV","Eric Church","2IvkS5MXK0vPGnwyJsrEyV","https://api.spotify.com/v1/artists/2IvkS5MXK0vPGnwyJsrEyV"
"spotify:artist:7308EC1qDOKUFAZLWtlpLP","Nick Papz","7308EC1qDOKUFAZLWtlpLP","https://api.spotify.com/v1/artists/7308EC1qDOKUFAZLWtlpLP"
"spotify:artist:1h6Cn3P4NGzXbaXidqURXs","Swedish House Mafia","1h6Cn3P4NGzXbaXidqURXs","https://api.spotify.com/v1/artists/1h6Cn3P4NGzXbaXidqURXs"
"spotify:artist:0PUh7TSiwhSf0xL0b6SLXH","PGF Nuk","0PUh7TSiwhSf0xL0b6SLXH","https://api.spotify.com/v1/artists/0PUh7TSiwhSf0xL0b6SLXH"
"spotify:artist:51Blml2LZPmy7TTiAg47vQ","U2","51Blml2LZPmy7TTiAg47vQ","https://api.spotify.com/v1/artists/51Blml2LZPmy7TTiAg47vQ"
"spotify:artist:3DiDSECUqqY1AuBP8qtaIa","Alicia Keys","3DiDSECUqqY1AuBP8qtaIa","https://api.spotify.com/v1/artists/3DiDSECUqqY1AuBP8qtaIa"
"spotify:artist:72iCV78mmAfr5s4A5dhjYg","Shawn Austin","72iCV78mmAfr5s4A5dhjYg","https://api.spotify.com/v1/artists/72iCV78mmAfr5s4A5dhjYg"
"spotify:artist:2LIk90788K0zvyj2JJVwkJ","Jack Harlow","2LIk90788K0zvyj2JJVwkJ","https://api.spotify.com/v1/artists/2LIk90788K0zvyj2JJVwkJ"
"spotify:artist:46fHMu9KxdQwcGV9xI1L9R","Dro Kenji","46fHMu9KxdQwcGV9xI1L9R","https://api.spotify.com/v1/artists/46fHMu9KxdQwcGV9xI1L9R"
"spotify:artist:44vREmJC0OlVZjZaGLqVEd","Morray","44vREmJC0OlVZjZaGLqVEd","https://api.spotify.com/v1/artists/44vREmJC0OlVZjZaGLqVEd"
"spotify:artist:371jpyGdoChzUASOIG2ECV","Ashley McBryde","371jpyGdoChzUASOIG2ECV","https://api.spotify.com/v1/artists/371jpyGdoChzUASOIG2ECV"
"spotify:artist:4IprNlQiJZUUJhDl0fL2SL","Quando Rondo","4IprNlQiJZUUJhDl0fL2SL","https://api.spotify.com/v1/artists/4IprNlQiJZUUJhDl0fL2SL"
"spotify:artist:3uabBlRSP7PRKh1822wSL2","Zack Dyer","3uabBlRSP7PRKh1822wSL2","https://api.spotify.com/v1/artists/3uabBlRSP7PRKh1822wSL2"
"spotify:artist:30bCJGAVNB4s6UkQy8a87a","Landstrip Chip","30bCJGAVNB4s6UkQy8a87a","https://api.spotify.com/v1/artists/30bCJGAVNB4s6UkQy8a87a"
"spotify:artist:3pcerTbRFAPvWWtAfySFWB","Bino Rideaux","3pcerTbRFAPvWWtAfySFWB","https://api.spotify.com/v1/artists/3pcerTbRFAPvWWtAfySFWB"
"spotify:artist:5bQxLohAAiOat0EMYuHjzJ","Meghan Patrick","5bQxLohAAiOat0EMYuHjzJ","https://api.spotify.com/v1/artists/5bQxLohAAiOat0EMYuHjzJ"
"spotify:artist:2AMeiDbfU2vonrTkpXDKUu","Kay Flock","2AMeiDbfU2vonrTkpXDKUu","https://api.spotify.com/v1/artists/2AMeiDbfU2vonrTkpXDKUu"
"spotify:artist:6BH1xcDkwbbyrLMUKECsW1","Toosii","6BH1xcDkwbbyrLMUKECsW1","https://api.spotify.com/v1/artists/6BH1xcDkwbbyrLMUKECsW1"
"spotify:artist:2ZF0d4lkHLE6MIbVmpN6nN","Trapboy Freddy","2ZF0d4lkHLE6MIbVmpN6nN","https://api.spotify.com/v1/artists/2ZF0d4lkHLE6MIbVmpN6nN"
"spotify:artist:0bZ9jANLkwEFVcSnHnwrpb","UnoTheActivist","0bZ9jANLkwEFVcSnHnwrpb","https://api.spotify.com/v1/artists/0bZ9jANLkwEFVcSnHnwrpb"
"spotify:artist:6MPCFvOQv5cIGfw3jODMF0","Internet Money","6MPCFvOQv5cIGfw3jODMF0","https://api.spotify.com/v1/artists/6MPCFvOQv5cIGfw3jODMF0"
"spotify:artist:22bE4uQ6baNwSHPVcDxLCe","The Rolling Stones","22bE4uQ6baNwSHPVcDxLCe","https://api.spotify.com/v1/artists/22bE4uQ6baNwSHPVcDxLCe"
"spotify:artist:2FIGTfXnX4gR3ypjQVPVlJ","Lonr.","2FIGTfXnX4gR3ypjQVPVlJ","https://api.spotify.com/v1/artists/2FIGTfXnX4gR3ypjQVPVlJ"
"spotify:artist:4dcnHUWXWZAHfA8FvQBtJS","SixForty1","4dcnHUWXWZAHfA8FvQBtJS","https://api.spotify.com/v1/artists/4dcnHUWXWZAHfA8FvQBtJS"
"spotify:artist:3MdXrJWsbVzdn6fe5JYkSQ","Latto","3MdXrJWsbVzdn6fe5JYkSQ","https://api.spotify.com/v1/artists/3MdXrJWsbVzdn6fe5JYkSQ"
"spotify:artist:1eClJfHLoDI4rZe5HxzBFv","INXS","1eClJfHLoDI4rZe5HxzBFv","https://api.spotify.com/v1/artists/1eClJfHLoDI4rZe5HxzBFv"
"spotify:artist:6roFdX1y5BYSbp60OTJWMd","Tim McGraw","6roFdX1y5BYSbp60OTJWMd","https://api.spotify.com/v1/artists/6roFdX1y5BYSbp60OTJWMd"
"spotify:artist:7hf5PZjVOqTQ2id3PF7I5Y","B-Lovee","7hf5PZjVOqTQ2id3PF7I5Y","https://api.spotify.com/v1/artists/7hf5PZjVOqTQ2id3PF7I5Y"
"spotify:artist:0cGUm45nv7Z6M6qdXYQGTX","Kehlani","0cGUm45nv7Z6M6qdXYQGTX","https://api.spotify.com/v1/artists/0cGUm45nv7Z6M6qdXYQGTX"
"spotify:artist:4V8LLVI7PbaPR0K2TGSxFF","Tyler, The Creator","4V8LLVI7PbaPR0K2TGSxFF","https://api.spotify.com/v1/artists/4V8LLVI7PbaPR0K2TGSxFF"
"spotify:artist:5sw4vau0N1fwalr2ACVN9M","2FeetBino","5sw4vau0N1fwalr2ACVN9M","https://api.spotify.com/v1/artists/5sw4vau0N1fwalr2ACVN9M"
"spotify:artist:5NGO30tJxFlKixkPSgXcFE","The Police","5NGO30tJxFlKixkPSgXcFE","https://api.spotify.com/v1/artists/5NGO30tJxFlKixkPSgXcFE"
"spotify:artist:1ryJB2bhfYjjIt8kqy4BoG","Seaforth","1ryJB2bhfYjjIt8kqy4BoG","https://api.spotify.com/v1/artists/1ryJB2bhfYjjIt8kqy4BoG"
"spotify:artist:5a2EaR3hamoenG9rDuVn8j","Prince","5a2EaR3hamoenG9rDuVn8j","https://api.spotify.com/v1/artists/5a2EaR3hamoenG9rDuVn8j"
"spotify:artist:6yJCxee7QumYr820xdIsjo","Zac Brown Band","6yJCxee7QumYr820xdIsjo","https://api.spotify.com/v1/artists/6yJCxee7QumYr820xdIsjo"
"spotify:artist:1E2AEtxaFaJtH0lO7kgNKw","Russell Dickerson","1E2AEtxaFaJtH0lO7kgNKw","https://api.spotify.com/v1/artists/1E2AEtxaFaJtH0lO7kgNKw"
"spotify:artist:3rWZHrfrsPBxVy692yAIxF","WILLOW","3rWZHrfrsPBxVy692yAIxF","https://api.spotify.com/v1/artists/3rWZHrfrsPBxVy692yAIxF"
"spotify:artist:0fubiYogCTeBykbgV7HGf6","Leah Marie Mason","0fubiYogCTeBykbgV7HGf6","https://api.spotify.com/v1/artists/0fubiYogCTeBykbgV7HGf6"
"spotify:artist:50co4Is1HCEo8bhOyUWKpn","Young Thug","50co4Is1HCEo8bhOyUWKpn","https://api.spotify.com/v1/artists/50co4Is1HCEo8bhOyUWKpn"
"spotify:artist:7lDVEkjIURPMyUYwoQRrpw","Ryan Hurd","7lDVEkjIURPMyUYwoQRrpw","https://api.spotify.com/v1/artists/7lDVEkjIURPMyUYwoQRrpw"
"spotify:artist:3M2ei8oRgZ3TwTo6F6votj","Rose Falcon","3M2ei8oRgZ3TwTo6F6votj","https://api.spotify.com/v1/artists/3M2ei8oRgZ3TwTo6F6votj"
"spotify:artist:2qgvmDsc4jrqbAbjq1HGM2","Rodney Atkins","2qgvmDsc4jrqbAbjq1HGM2","https://api.spotify.com/v1/artists/2qgvmDsc4jrqbAbjq1HGM2"
"spotify:artist:2AM4ilv6UzW0uMRuqKtDgN","ZZ Top","2AM4ilv6UzW0uMRuqKtDgN","https://api.spotify.com/v1/artists/2AM4ilv6UzW0uMRuqKtDgN"
"spotify:artist:687cZJR45JO7jhk1LHIbgq","Tems","687cZJR45JO7jhk1LHIbgq","https://api.spotify.com/v1/artists/687cZJR45JO7jhk1LHIbgq"
"spotify:artist:027TpXKGwdXP7iwbjUSpV8","The Walters","027TpXKGwdXP7iwbjUSpV8","https://api.spotify.com/v1/artists/027TpXKGwdXP7iwbjUSpV8"
"spotify:artist:7xZTozOYTK6YKaxcQxeBdP","Drew Green","7xZTozOYTK6YKaxcQxeBdP","https://api.spotify.com/v1/artists/7xZTozOYTK6YKaxcQxeBdP"
"spotify:artist:3tVQdUvClmAT7URs9V3rsp","WizKid","3tVQdUvClmAT7URs9V3rsp","https://api.spotify.com/v1/artists/3tVQdUvClmAT7URs9V3rsp"
"spotify:artist:1U1el3k54VvEUzo3ybLPlM","Kali Uchis","1U1el3k54VvEUzo3ybLPlM","https://api.spotify.com/v1/artists/1U1el3k54VvEUzo3ybLPlM"
"spotify:artist:0BvkDsjIUla7X0k6CSWh1I","Luke Bryan","0BvkDsjIUla7X0k6CSWh1I","https://api.spotify.com/v1/artists/0BvkDsjIUla7X0k6CSWh1I"
"spotify:artist:64WnGi9H0Xc2RCGbjYAFd5","Rot Ken","64WnGi9H0Xc2RCGbjYAFd5","https://api.spotify.com/v1/artists/64WnGi9H0Xc2RCGbjYAFd5"
"spotify:artist:2ICR2m4hOBPhaYiZB3rnLW","Sonder","2ICR2m4hOBPhaYiZB3rnLW","https://api.spotify.com/v1/artists/2ICR2m4hOBPhaYiZB3rnLW"
"spotify:artist:5dMnvpYEfXvSexjwnSRH5n","RaeLynn","5dMnvpYEfXvSexjwnSRH5n","https://api.spotify.com/v1/artists/5dMnvpYEfXvSexjwnSRH5n"
"spotify:artist:6IFXsrXBpwbIqtOUOiAa3p","Rick Springfield","6IFXsrXBpwbIqtOUOiAa3p","https://api.spotify.com/v1/artists/6IFXsrXBpwbIqtOUOiAa3p"
"spotify:artist:7Ey4PD4MYsKc5I2dolUwbH","Aerosmith","7Ey4PD4MYsKc5I2dolUwbH","https://api.spotify.com/v1/artists/7Ey4PD4MYsKc5I2dolUwbH"
"spotify:artist:6HgEIsWCHekTTfnbOGJa3g","Fresco Trey","6HgEIsWCHekTTfnbOGJa3g","https://api.spotify.com/v1/artists/6HgEIsWCHekTTfnbOGJa3g"
"spotify:artist:5XLWHp9tjK7PWm7SMcvo2q","Restless Road","5XLWHp9tjK7PWm7SMcvo2q","https://api.spotify.com/v1/artists/5XLWHp9tjK7PWm7SMcvo2q"
"spotify:artist:3MG8H6zu9EvmL5sRtFpDMF","Jeb Gipson","3MG8H6zu9EvmL5sRtFpDMF","https://api.spotify.com/v1/artists/3MG8H6zu9EvmL5sRtFpDMF"
"spotify:artist:5YyTs9tUWqcdI9kIQb85P2","Never Broke Again","5YyTs9tUWqcdI9kIQb85P2","https://api.spotify.com/v1/artists/5YyTs9tUWqcdI9kIQb85P2"
"spotify:artist:4pnp4w9g30yLfVIAFnZMRd","ACRAZE","4pnp4w9g30yLfVIAFnZMRd","https://api.spotify.com/v1/artists/4pnp4w9g30yLfVIAFnZMRd"
"spotify:artist:3jK9MiCrA42lLAdMGUZpwa","Anderson .Paak","3jK9MiCrA42lLAdMGUZpwa","https://api.spotify.com/v1/artists/3jK9MiCrA42lLAdMGUZpwa"
"spotify:artist:15iVAtD3s3FsQR4w1v6M0P","Chief Keef","15iVAtD3s3FsQR4w1v6M0P","https://api.spotify.com/v1/artists/15iVAtD3s3FsQR4w1v6M0P"
"spotify:artist:60gmlHZmT16wiO9GiXKYK9","Chris Janson","60gmlHZmT16wiO9GiXKYK9","https://api.spotify.com/v1/artists/60gmlHZmT16wiO9GiXKYK9"
"spotify:artist:5xF3SekjB3b2VO0FKN3K0A","Dalton Dover","5xF3SekjB3b2VO0FKN3K0A","https://api.spotify.com/v1/artists/5xF3SekjB3b2VO0FKN3K0A"
"spotify:artist:0WwSkZ7LtFUFjGjMZBMt6T","Dire Straits","0WwSkZ7LtFUFjGjMZBMt6T","https://api.spotify.com/v1/artists/0WwSkZ7LtFUFjGjMZBMt6T"
"spotify:artist:4qXC0i02bSFstECuXP2ZpL","Blxst","4qXC0i02bSFstECuXP2ZpL","https://api.spotify.com/v1/artists/4qXC0i02bSFstECuXP2ZpL"
"spotify:artist:5TtSGhhCPt56x4ZPfg7DFq","Erin Kinsey","5TtSGhhCPt56x4ZPfg7DFq","https://api.spotify.com/v1/artists/5TtSGhhCPt56x4ZPfg7DFq"
"spotify:artist:2Pv9ZGQqEflbdavLk6rr0t","Sniper Gang","2Pv9ZGQqEflbdavLk6rr0t","https://api.spotify.com/v1/artists/2Pv9ZGQqEflbdavLk6rr0t"
"spotify:artist:6xWrMsqTNDV7Pi10GWUhuZ","Rod + Rose","6xWrMsqTNDV7Pi10GWUhuZ","https://api.spotify.com/v1/artists/6xWrMsqTNDV7Pi10GWUhuZ"
"spotify:artist:15tTVhFpH8EFXeDgO9xkRO","Trey Lewis","15tTVhFpH8EFXeDgO9xkRO","https://api.spotify.com/v1/artists/15tTVhFpH8EFXeDgO9xkRO"
"spotify:artist:6jGMq4yGs7aQzuGsMgVgZR","Lil Tjay","6jGMq4yGs7aQzuGsMgVgZR","https://api.spotify.com/v1/artists/6jGMq4yGs7aQzuGsMgVgZR"
"spotify:artist:6M2wZ9GZgrQXHCFfjv46we","Dua Lipa","6M2wZ9GZgrQXHCFfjv46we","https://api.spotify.com/v1/artists/6M2wZ9GZgrQXHCFfjv46we"
"spotify:artist:048LktY5zMnakWq7PTtFrz","CKay","048LktY5zMnakWq7PTtFrz","https://api.spotify.com/v1/artists/048LktY5zMnakWq7PTtFrz"
"spotify:artist:6PvvGcCY2XtUcSRld1Wilr","Silk Sonic","6PvvGcCY2XtUcSRld1Wilr","https://api.spotify.com/v1/artists/6PvvGcCY2XtUcSRld1Wilr"
"spotify:artist:6ZLTlhejhndI4Rh53vYhrY","Ozzy Osbourne","6ZLTlhejhndI4Rh53vYhrY","https://api.spotify.com/v1/artists/6ZLTlhejhndI4Rh53vYhrY"
"spotify:artist:1RyvyyTE3xzB2ZywiAwp0i","Future","1RyvyyTE3xzB2ZywiAwp0i","https://api.spotify.com/v1/artists/1RyvyyTE3xzB2ZywiAwp0i"
"spotify:artist:4ts5nvUTNWwEmwMVMqxL40","Snapkatt","4ts5nvUTNWwEmwMVMqxL40","https://api.spotify.com/v1/artists/4ts5nvUTNWwEmwMVMqxL40"
"spotify:artist:3o6rIhI1Ahunc62U1tx6tg","Madmarcc","3o6rIhI1Ahunc62U1tx6tg","https://api.spotify.com/v1/artists/3o6rIhI1Ahunc62U1tx6tg"
"spotify:artist:6aLoJJxz7MV2iZ423S8tJC","Doe Boy","6aLoJJxz7MV2iZ423S8tJC","https://api.spotify.com/v1/artists/6aLoJJxz7MV2iZ423S8tJC"
"spotify:artist:5IbEL2xjRtKsunfmsahLuO","$NOT","5IbEL2xjRtKsunfmsahLuO","https://api.spotify.com/v1/artists/5IbEL2xjRtKsunfmsahLuO"
"spotify:artist:06HL4z0CvFAxyc27GXpf02","Taylor Swift","06HL4z0CvFAxyc27GXpf02","https://api.spotify.com/v1/artists/06HL4z0CvFAxyc27GXpf02"
"spotify:artist:68abRTdO4meYReMWHvBYb0","Chris Lane","68abRTdO4meYReMWHvBYb0","https://api.spotify.com/v1/artists/68abRTdO4meYReMWHvBYb0"
"spotify:artist:6M6XXCcO5gI68XpIlrUL3Z","Young T & Bugsey","6M6XXCcO5gI68XpIlrUL3Z","https://api.spotify.com/v1/artists/6M6XXCcO5gI68XpIlrUL3Z"
"spotify:artist:4mkjpWbFO45SyaHiM9GOVE","2KBABY","4mkjpWbFO45SyaHiM9GOVE","https://api.spotify.com/v1/artists/4mkjpWbFO45SyaHiM9GOVE"
"spotify:artist:39NR3AUhpbbqKM33vWn2fp","Brothers Osborne","39NR3AUhpbbqKM33vWn2fp","https://api.spotify.com/v1/artists/39NR3AUhpbbqKM33vWn2fp"
"spotify:artist:09XX4vGibhdivyKlxP8MRf","Slimelife Shawty","09XX4vGibhdivyKlxP8MRf","https://api.spotify.com/v1/artists/09XX4vGibhdivyKlxP8MRf"
"spotify:artist:21WS9wngs9AqFckK7yYJPM","PnB Rock","21WS9wngs9AqFckK7yYJPM","https://api.spotify.com/v1/artists/21WS9wngs9AqFckK7yYJPM"
"spotify:artist:3lkwNhvm2fbh4q8CIe47n3","Lily Rose","3lkwNhvm2fbh4q8CIe47n3","https://api.spotify.com/v1/artists/3lkwNhvm2fbh4q8CIe47n3"
"spotify:artist:05oH07COxkXKIMt6mIPRee","Brandy","05oH07COxkXKIMt6mIPRee","https://api.spotify.com/v1/artists/05oH07COxkXKIMt6mIPRee"
"spotify:artist:6qqNVTkY8uBg9cP3Jd7DAH","Billie Eilish","6qqNVTkY8uBg9cP3Jd7DAH","https://api.spotify.com/v1/artists/6qqNVTkY8uBg9cP3Jd7DAH"
"spotify:artist:6MWr1SmTaCU5BJzOZxwJEw","Larry Fleet","6MWr1SmTaCU5BJzOZxwJEw","https://api.spotify.com/v1/artists/6MWr1SmTaCU5BJzOZxwJEw"
"spotify:artist:6H1RjVyNruCmrBEWRbD0VZ","Def Leppard","6H1RjVyNruCmrBEWRbD0VZ","https://api.spotify.com/v1/artists/6H1RjVyNruCmrBEWRbD0VZ"
"spotify:artist:757aE44tKEUQEqRuT6GnEB","Roddy Ricch","757aE44tKEUQEqRuT6GnEB","https://api.spotify.com/v1/artists/757aE44tKEUQEqRuT6GnEB"
"spotify:artist:2LakckgvXEtJlKOYP6BO11","Lancey Foux","2LakckgvXEtJlKOYP6BO11","https://api.spotify.com/v1/artists/2LakckgvXEtJlKOYP6BO11"
"spotify:artist:78GdFYPETzCgutsc5O5COH","Mak Sauce","78GdFYPETzCgutsc5O5COH","https://api.spotify.com/v1/artists/78GdFYPETzCgutsc5O5COH"
"spotify:artist:2HPaUgqeutzr3jx5a9WyDV","PARTYNEXTDOOR","2HPaUgqeutzr3jx5a9WyDV","https://api.spotify.com/v1/artists/2HPaUgqeutzr3jx5a9WyDV"
"spotify:artist:2Lgyk37aJufoDDSoU4S5nO","Hotboy Wes","2Lgyk37aJufoDDSoU4S5nO","https://api.spotify.com/v1/artists/2Lgyk37aJufoDDSoU4S5nO"
"spotify:artist:1l39BupEDqsioWGVDXluVG","FL Dusa","1l39BupEDqsioWGVDXluVG","https://api.spotify.com/v1/artists/1l39BupEDqsioWGVDXluVG"
"spotify:artist:3CkvROUTQ6nRi9yQOcsB50","Genesis","3CkvROUTQ6nRi9yQOcsB50","https://api.spotify.com/v1/artists/3CkvROUTQ6nRi9yQOcsB50"
"spotify:artist:4kYSro6naA4h99UJvo89HB","Cardi B","4kYSro6naA4h99UJvo89HB","https://api.spotify.com/v1/artists/4kYSro6naA4h99UJvo89HB"
"spotify:artist:4oUHIQIBe0LHzYfvXNW4QM","Morgan Wallen","4oUHIQIBe0LHzYfvXNW4QM","https://api.spotify.com/v1/artists/4oUHIQIBe0LHzYfvXNW4QM"
"spotify:artist:5C5yczYHPeBi5PrwxfksLP","Ashland Craft","5C5yczYHPeBi5PrwxfksLP","https://api.spotify.com/v1/artists/5C5yczYHPeBi5PrwxfksLP"
"spotify:artist:0gSAxSvAApQc71cTpoXDFu","Tenille Arts","0gSAxSvAApQc71cTpoXDFu","https://api.spotify.com/v1/artists/0gSAxSvAApQc71cTpoXDFu"
"spotify:artist:3EIX8WuD9ybB4ruz0MSilB","Lil Gnar","3EIX8WuD9ybB4ruz0MSilB","https://api.spotify.com/v1/artists/3EIX8WuD9ybB4ruz0MSilB"
"spotify:artist:2EMAnMvWE2eb56ToJVfCWs","Bryson Tiller","2EMAnMvWE2eb56ToJVfCWs","https://api.spotify.com/v1/artists/2EMAnMvWE2eb56ToJVfCWs"
"spotify:artist:3hcs9uc56yIGFCSy9leWe7","Lil Durk","3hcs9uc56yIGFCSy9leWe7","https://api.spotify.com/v1/artists/3hcs9uc56yIGFCSy9leWe7"
"spotify:artist:44IvvHRk2XF243QLA2VOa8","Stunna 4 Vegas","44IvvHRk2XF243QLA2VOa8","https://api.spotify.com/v1/artists/44IvvHRk2XF243QLA2VOa8"
"spotify:artist:7tjVFCxJdwT4NdrTmjyjQ6","Muni Long","7tjVFCxJdwT4NdrTmjyjQ6","https://api.spotify.com/v1/artists/7tjVFCxJdwT4NdrTmjyjQ6"
"spotify:artist:0Njy6yR9LykNKYg9yE23QN","Nardo Wick","0Njy6yR9LykNKYg9yE23QN","https://api.spotify.com/v1/artists/0Njy6yR9LykNKYg9yE23QN"
"spotify:artist:5aizOVB0aFinBgezLPkhnm","Callista Clark","5aizOVB0aFinBgezLPkhnm","https://api.spotify.com/v1/artists/5aizOVB0aFinBgezLPkhnm"
"spotify:artist:2zlYZjumfIxajIKfk41H9A","Jay Loud","2zlYZjumfIxajIKfk41H9A","https://api.spotify.com/v1/artists/2zlYZjumfIxajIKfk41H9A"
"spotify:artist:2UZMlIwnkgAEDBsw1Rejkn","Tom Petty","2UZMlIwnkgAEDBsw1Rejkn","https://api.spotify.com/v1/artists/2UZMlIwnkgAEDBsw1Rejkn"
"spotify:artist:2rwALQ1SXdfUWPUd6WOfYS","Aaron May","2rwALQ1SXdfUWPUd6WOfYS","https://api.spotify.com/v1/artists/2rwALQ1SXdfUWPUd6WOfYS"
"spotify:artist:3zXw2Eh96iTT51pytzHdZi","38 Special","3zXw2Eh96iTT51pytzHdZi","https://api.spotify.com/v1/artists/3zXw2Eh96iTT51pytzHdZi"
"spotify:artist:15ZjD8Gus20Miqw3fdOaXX","Stunna Gambino","15ZjD8Gus20Miqw3fdOaXX","https://api.spotify.com/v1/artists/15ZjD8Gus20Miqw3fdOaXX"
"spotify:artist:4fxd5Ee7UefO4CUXgwJ7IP","Giveon","4fxd5Ee7UefO4CUXgwJ7IP","https://api.spotify.com/v1/artists/4fxd5Ee7UefO4CUXgwJ7IP"
"spotify:artist:1n2pb9Tsfe4SwAjmUac6YT","Jake Owen","1n2pb9Tsfe4SwAjmUac6YT","https://api.spotify.com/v1/artists/1n2pb9Tsfe4SwAjmUac6YT"
"spotify:artist:4J3TXBvAMckFbTxqxNYpDj","Kaylee Bell","4J3TXBvAMckFbTxqxNYpDj","https://api.spotify.com/v1/artists/4J3TXBvAMckFbTxqxNYpDj"
"spotify:artist:2nTzAHwCk0swkDdIPj2FIP","Jade Eagleson","2nTzAHwCk0swkDdIPj2FIP","https://api.spotify.com/v1/artists/2nTzAHwCk0swkDdIPj2FIP"
"spotify:artist:5QNm7E7RU2m64l6Gliu8Oy","HARDY","5QNm7E7RU2m64l6Gliu8Oy","https://api.spotify.com/v1/artists/5QNm7E7RU2m64l6Gliu8Oy"
"spotify:artist:40mGQmqwScWdeqW08ff7vu","Nana","40mGQmqwScWdeqW08ff7vu","https://api.spotify.com/v1/artists/40mGQmqwScWdeqW08ff7vu"
"spotify:artist:5delTPpDAtBDsjk60f5xnt","Autumn!","5delTPpDAtBDsjk60f5xnt","https://api.spotify.com/v1/artists/5delTPpDAtBDsjk60f5xnt"
"spotify:artist:4Gso3d4CscCijv0lmajZWs","Don Toliver","4Gso3d4CscCijv0lmajZWs","https://api.spotify.com/v1/artists/4Gso3d4CscCijv0lmajZWs"
"spotify:artist:55TMBUBKkjVqu2EipyfY9z","Pierre Alexander","55TMBUBKkjVqu2EipyfY9z","https://api.spotify.com/v1/artists/55TMBUBKkjVqu2EipyfY9z"
"spotify:artist:2T6EOVQ5lAQc64poyLnXmj","Van Buren Records","2T6EOVQ5lAQc64poyLnXmj","https://api.spotify.com/v1/artists/2T6EOVQ5lAQc64poyLnXmj"
"spotify:artist:1aPmWgDU4JXEWg1d2BwH5M","Smithfield","1aPmWgDU4JXEWg1d2BwH5M","https://api.spotify.com/v1/artists/1aPmWgDU4JXEWg1d2BwH5M"
"spotify:artist:1FtBEIWAwvw5ymBen5GICR","Chlöe","1FtBEIWAwvw5ymBen5GICR","https://api.spotify.com/v1/artists/1FtBEIWAwvw5ymBen5GICR"
"spotify:artist:6Iz3eq2aQGFf7TbGT2iahL","Gabby Barrett","6Iz3eq2aQGFf7TbGT2iahL","https://api.spotify.com/v1/artists/6Iz3eq2aQGFf7TbGT2iahL"
"spotify:artist:3RGLhK1IP9jnYFH4BRFJBS","The Clash","3RGLhK1IP9jnYFH4BRFJBS","https://api.spotify.com/v1/artists/3RGLhK1IP9jnYFH4BRFJBS"
"spotify:artist:1qhXfHiXKvDP2563X2uFpY","Halle Kearns","1qhXfHiXKvDP2563X2uFpY","https://api.spotify.com/v1/artists/1qhXfHiXKvDP2563X2uFpY"
"spotify:artist:6Vy1VMVCyTgbcmA1iz0QFg","Eli Fross","6Vy1VMVCyTgbcmA1iz0QFg","https://api.spotify.com/v1/artists/6Vy1VMVCyTgbcmA1iz0QFg"
"spotify:artist:1YRqgFNXqRyMDRr8ClS1NL","Kali","1YRqgFNXqRyMDRr8ClS1NL","https://api.spotify.com/v1/artists/1YRqgFNXqRyMDRr8ClS1NL"
"spotify:artist:5dbuFbrHa1SJlQhQX9OUJ2","Don Henley","5dbuFbrHa1SJlQhQX9OUJ2","https://api.spotify.com/v1/artists/5dbuFbrHa1SJlQhQX9OUJ2"
"spotify:artist:7E2ioKxoxI2J94tUkIx6As","Alex Isley","7E2ioKxoxI2J94tUkIx6As","https://api.spotify.com/v1/artists/7E2ioKxoxI2J94tUkIx6As"
"spotify:artist:3FBvF7C8P5IztMR7Mbxc3X","Invada","3FBvF7C8P5IztMR7Mbxc3X","https://api.spotify.com/v1/artists/3FBvF7C8P5IztMR7Mbxc3X"
"spotify:artist:6y8XlgIV8BLlIg1tT1R10i","Old Dominion","6y8XlgIV8BLlIg1tT1R10i","https://api.spotify.com/v1/artists/6y8XlgIV8BLlIg1tT1R10i"
"spotify:artist:65s98MYZ4xFpgKlUYS5XKw","Remble","65s98MYZ4xFpgKlUYS5XKw","https://api.spotify.com/v1/artists/65s98MYZ4xFpgKlUYS5XKw"
"spotify:artist:1mfDfLsMxYcOOZkzBxvSVW","Cole Swindell","1mfDfLsMxYcOOZkzBxvSVW","https://api.spotify.com/v1/artists/1mfDfLsMxYcOOZkzBxvSVW"
"spotify:artist:0C86lmpnwiyLDUiyo4d0P1","BRELAND","0C86lmpnwiyLDUiyo4d0P1","https://api.spotify.com/v1/artists/0C86lmpnwiyLDUiyo4d0P1"
"spotify:artist:5yPzzu25VzEk8qrGTLIrE1","Young Nudy","5yPzzu25VzEk8qrGTLIrE1","https://api.spotify.com/v1/artists/5yPzzu25VzEk8qrGTLIrE1"
"spotify:artist:0y33MPw94ln3pVCaRYAfE8","Syko Bob","0y33MPw94ln3pVCaRYAfE8","https://api.spotify.com/v1/artists/0y33MPw94ln3pVCaRYAfE8"
"spotify:artist:1BEUkE2CSUgHTLSBMZdnFB","Mae Muller","1BEUkE2CSUgHTLSBMZdnFB","https://api.spotify.com/v1/artists/1BEUkE2CSUgHTLSBMZdnFB"
"spotify:artist:2ExGrw6XpbtUAJHTLtUXUD","Stefflon Don","2ExGrw6XpbtUAJHTLtUXUD","https://api.spotify.com/v1/artists/2ExGrw6XpbtUAJHTLtUXUD"
"spotify:artist:6v8FB84lnmJs434UJf2Mrm","Neil Young","6v8FB84lnmJs434UJf2Mrm","https://api.spotify.com/v1/artists/6v8FB84lnmJs434UJf2Mrm"
"spotify:artist:1QQITM74vtuxr0JbguPWNI","Luisss","1QQITM74vtuxr0JbguPWNI","https://api.spotify.com/v1/artists/1QQITM74vtuxr0JbguPWNI"
"spotify:artist:1v3tdpIdBSW14rHUfiEVOv","Lauren Alaina","1v3tdpIdBSW14rHUfiEVOv","https://api.spotify.com/v1/artists/1v3tdpIdBSW14rHUfiEVOv"
"spotify:artist:4IVAbR2w4JJNJDDRFP3E83","6LACK","4IVAbR2w4JJNJDDRFP3E83","https://api.spotify.com/v1/artists/4IVAbR2w4JJNJDDRFP3E83"
"spotify:artist:7z5WFjZAIYejWy0NI5lv4T","Dan + Shay","7z5WFjZAIYejWy0NI5lv4T","https://api.spotify.com/v1/artists/7z5WFjZAIYejWy0NI5lv4T"
"spotify:artist:5dHt1vcEm9qb8fCyLcB3HL","A$AP Ferg","5dHt1vcEm9qb8fCyLcB3HL","https://api.spotify.com/v1/artists/5dHt1vcEm9qb8fCyLcB3HL"
"spotify:artist:6CegFHnUqJcOBipgphZ2CJ","Travis Denning","6CegFHnUqJcOBipgphZ2CJ","https://api.spotify.com/v1/artists/6CegFHnUqJcOBipgphZ2CJ"
"spotify:artist:6AMd49uBDJfhf30Ak2QR5s","Coi Leray","6AMd49uBDJfhf30Ak2QR5s","https://api.spotify.com/v1/artists/6AMd49uBDJfhf30Ak2QR5s"
"spotify:artist:329e4yvIujISKGKz1BZZbO","Farruko","329e4yvIujISKGKz1BZZbO","https://api.spotify.com/v1/artists/329e4yvIujISKGKz1BZZbO"
"spotify:artist:4MoAOfV4ROWofLG3a3hhBN","Jon Pardi","4MoAOfV4ROWofLG3a3hhBN","https://api.spotify.com/v1/artists/4MoAOfV4ROWofLG3a3hhBN"
"spotify:artist:29ijED2bnnprp2TciAK1aO","Drake White","29ijED2bnnprp2TciAK1aO","https://api.spotify.com/v1/artists/29ijED2bnnprp2TciAK1aO"
"spotify:artist:4sIl4BTo9l9KqEi0Y3RE72","Carly Pearce","4sIl4BTo9l9KqEi0Y3RE72","https://api.spotify.com/v1/artists/4sIl4BTo9l9KqEi0Y3RE72"
"spotify:artist:3KNIG74xSTc3dj0TRy7pGX","Yung Bleu","3KNIG74xSTc3dj0TRy7pGX","https://api.spotify.com/v1/artists/3KNIG74xSTc3dj0TRy7pGX"
"spotify:artist:33EUXrFKGjpUSGacqEHhU4","Iggy Pop","33EUXrFKGjpUSGacqEHhU4","https://api.spotify.com/v1/artists/33EUXrFKGjpUSGacqEHhU4"
"spotify:artist:7gSjFKpVmDgC2MMsnN8CYq","Jazmine Sullivan","7gSjFKpVmDgC2MMsnN8CYq","https://api.spotify.com/v1/artists/7gSjFKpVmDgC2MMsnN8CYq"
"spotify:artist:03r4iKL2g2442PT9n2UKsx","Beastie Boys","03r4iKL2g2442PT9n2UKsx","https://api.spotify.com/v1/artists/03r4iKL2g2442PT9n2UKsx"
"spotify:artist:2IK173RXLiCSQ8fhDlAb3s","Adekunle Gold","2IK173RXLiCSQ8fhDlAb3s","https://api.spotify.com/v1/artists/2IK173RXLiCSQ8fhDlAb3s"
"spotify:artist:5olrQpDroHT7sjmYWMLivy","Pressa","5olrQpDroHT7sjmYWMLivy","https://api.spotify.com/v1/artists/5olrQpDroHT7sjmYWMLivy"
"spotify:artist:66lH4jAE7pqPlOlzUKbwA0","Miranda Lambert","66lH4jAE7pqPlOlzUKbwA0","https://api.spotify.com/v1/artists/66lH4jAE7pqPlOlzUKbwA0"
"spotify:artist:1nv9STc3b4snPq4Zcm1I4n","Sainvil","1nv9STc3b4snPq4Zcm1I4n","https://api.spotify.com/v1/artists/1nv9STc3b4snPq4Zcm1I4n"
"spotify:artist:0VRj0yCOv2FXJNP47XQnx5","Quavo","0VRj0yCOv2FXJNP47XQnx5","https://api.spotify.com/v1/artists/0VRj0yCOv2FXJNP47XQnx5"
"spotify:artist:5lRB3MAJfKzlt7dgYMHWgY","Dylan Schneider","5lRB3MAJfKzlt7dgYMHWgY","https://api.spotify.com/v1/artists/5lRB3MAJfKzlt7dgYMHWgY"
"spotify:artist:4JhbRL6zaItAyzqx4gHTqz","22Gz","4JhbRL6zaItAyzqx4gHTqz","https://api.spotify.com/v1/artists/4JhbRL6zaItAyzqx4gHTqz"
"spotify:artist:1NHCwCMqV9oNQJXl16IltL","SSGKobe","1NHCwCMqV9oNQJXl16IltL","https://api.spotify.com/v1/artists/1NHCwCMqV9oNQJXl16IltL"
"spotify:artist:6TrQLQR8tUluPbmdPy6jqY","ELHAE","6TrQLQR8tUluPbmdPy6jqY","https://api.spotify.com/v1/artists/6TrQLQR8tUluPbmdPy6jqY"
"spotify:artist:4PNHuWkk4ee6R8WEhFVPf5","NoCap","4PNHuWkk4ee6R8WEhFVPf5","https://api.spotify.com/v1/artists/4PNHuWkk4ee6R8WEhFVPf5"
"spotify:artist:5TbLOwv8BNnik3f03NZJlt","TOKYO’S REVENGE","5TbLOwv8BNnik3f03NZJlt","https://api.spotify.com/v1/artists/5TbLOwv8BNnik3f03NZJlt"
"spotify:artist:7EekKnlf2HwNaLLpL9Cpgy","Matt Stell","7EekKnlf2HwNaLLpL9Cpgy","https://api.spotify.com/v1/artists/7EekKnlf2HwNaLLpL9Cpgy"
"spotify:artist:1N3U83dsU5JDoKi67D1uZz","Roddy P","1N3U83dsU5JDoKi67D1uZz","https://api.spotify.com/v1/artists/1N3U83dsU5JDoKi67D1uZz"
"spotify:artist:55snOo1hCfZ7FC9ogPpGnH","Roman Alexander","55snOo1hCfZ7FC9ogPpGnH","https://api.spotify.com/v1/artists/55snOo1hCfZ7FC9ogPpGnH"
"spotify:artist:2eqoJbzUGDwys5ENUkbT3h","J.I the Prince of N.Y","2eqoJbzUGDwys5ENUkbT3h","https://api.spotify.com/v1/artists/2eqoJbzUGDwys5ENUkbT3h"
"spotify:artist:1tG7s7S4sq2eFFW0QZyLbm","Sheff G","1tG7s7S4sq2eFFW0QZyLbm","https://api.spotify.com/v1/artists/1tG7s7S4sq2eFFW0QZyLbm"
"spotify:artist:7x8nK0m0cP2ksQf0mjWdPS","Dierks Bentley","7x8nK0m0cP2ksQf0mjWdPS","https://api.spotify.com/v1/artists/7x8nK0m0cP2ksQf0mjWdPS"
"spotify:artist:7wlFDEWiM5OoIAt8RSli8b","YoungBoy Never Broke Again","7wlFDEWiM5OoIAt8RSli8b","https://api.spotify.com/v1/artists/7wlFDEWiM5OoIAt8RSli8b"
"spotify:artist:6GbCJZrI318Ybm8mY36Of5","Faith No More","6GbCJZrI318Ybm8mY36Of5","https://api.spotify.com/v1/artists/6GbCJZrI318Ybm8mY36Of5"
"spotify:artist:1A92IAcd7A6npCA33oGM5i","The Proclaimers","1A92IAcd7A6npCA33oGM5i","https://api.spotify.com/v1/artists/1A92IAcd7A6npCA33oGM5i"
"spotify:artist:1uNFoZAHBGtllmzznpCI3s","Justin Bieber","1uNFoZAHBGtllmzznpCI3s","https://api.spotify.com/v1/artists/1uNFoZAHBGtllmzznpCI3s"
"spotify:artist:0MLe1DKmSKbDXw5zw45rJ7","Chris Ruediger","0MLe1DKmSKbDXw5zw45rJ7","https://api.spotify.com/v1/artists/0MLe1DKmSKbDXw5zw45rJ7"
"spotify:artist:7L0vBPI3KGaA64mN3j1x3m","Bri Fletcher","7L0vBPI3KGaA64mN3j1x3m","https://api.spotify.com/v1/artists/7L0vBPI3KGaA64mN3j1x3m"
"spotify:artist:6n28c9qs9hNGriNa72b26u","PNAU","6n28c9qs9hNGriNa72b26u","https://api.spotify.com/v1/artists/6n28c9qs9hNGriNa72b26u"
"spotify:artist:0urTpYCsixqZwgNTkPJOJ4","Aaliyah","0urTpYCsixqZwgNTkPJOJ4","https://api.spotify.com/v1/artists/0urTpYCsixqZwgNTkPJOJ4"
"spotify:artist:30e8DmahrEamvLbFRPdWmk","Justin Moore","30e8DmahrEamvLbFRPdWmk","https://api.spotify.com/v1/artists/30e8DmahrEamvLbFRPdWmk"
"spotify:artist:67nwj3Y5sZQLl72VNUHEYE","Wale","67nwj3Y5sZQLl72VNUHEYE","https://api.spotify.com/v1/artists/67nwj3Y5sZQLl72VNUHEYE"
"spotify:artist:5Vuvs6Py2JRU7WiFDVsI7J","Lucky Daye","5Vuvs6Py2JRU7WiFDVsI7J","https://api.spotify.com/v1/artists/5Vuvs6Py2JRU7WiFDVsI7J"
"spotify:artist:6bXNUXv0KrjvuDVs8skKc7","Johnny Dailey","6bXNUXv0KrjvuDVs8skKc7","https://api.spotify.com/v1/artists/6bXNUXv0KrjvuDVs8skKc7"
"spotify:artist:4JMY9dX6C0SYxm1YEGAEky","Rodell Duff","4JMY9dX6C0SYxm1YEGAEky","https://api.spotify.com/v1/artists/4JMY9dX6C0SYxm1YEGAEky"
"spotify:artist:0huGjMyP507tBCARyzSkrv","Cordae","0huGjMyP507tBCARyzSkrv","https://api.spotify.com/v1/artists/0huGjMyP507tBCARyzSkrv"
"spotify:artist:1LCsAfmP4l13EYtzDaLMAg","Kassi Ashton","1LCsAfmP4l13EYtzDaLMAg","https://api.spotify.com/v1/artists/1LCsAfmP4l13EYtzDaLMAg"
"spotify:artist:3A63dHvKuavknOcvWVgZA9","Ron Suno","3A63dHvKuavknOcvWVgZA9","https://api.spotify.com/v1/artists/3A63dHvKuavknOcvWVgZA9"
"spotify:artist:53XhwfbYqKCa1cC15pYq2q","Imagine Dragons","53XhwfbYqKCa1cC15pYq2q","https://api.spotify.com/v1/artists/53XhwfbYqKCa1cC15pYq2q"
"spotify:artist:7lzordPuZEXxwt9aoVZYmG","Billy Idol","7lzordPuZEXxwt9aoVZYmG","https://api.spotify.com/v1/artists/7lzordPuZEXxwt9aoVZYmG"
"spotify:artist:2cWZOOzeOm4WmBJRnD5R7I","Normani","2cWZOOzeOm4WmBJRnD5R7I","https://api.spotify.com/v1/artists/2cWZOOzeOm4WmBJRnD5R7I"
"spotify:artist:0KuF7reCTOZwV7YJnHQqgr","The Neptunes","0KuF7reCTOZwV7YJnHQqgr","https://api.spotify.com/v1/artists/0KuF7reCTOZwV7YJnHQqgr"
"spotify:artist:7wSfJLfPWSahg3J5SeVr4z","AzizTheShake","7wSfJLfPWSahg3J5SeVr4z","https://api.spotify.com/v1/artists/7wSfJLfPWSahg3J5SeVr4z"
"spotify:artist:1dfeR4HaWDbWqFHLkxsg1d","Queen","1dfeR4HaWDbWqFHLkxsg1d","https://api.spotify.com/v1/artists/1dfeR4HaWDbWqFHLkxsg1d"
"spotify:artist:31n3CN1jSC5ALUJ9dwT8UI","Kameron Marlowe","31n3CN1jSC5ALUJ9dwT8UI","https://api.spotify.com/v1/artists/31n3CN1jSC5ALUJ9dwT8UI"
"spotify:artist:4gzpq5DPGxSnKTe4SA8HAU","Coldplay","4gzpq5DPGxSnKTe4SA8HAU","https://api.spotify.com/v1/artists/4gzpq5DPGxSnKTe4SA8HAU"
"spotify:artist:1W7FNibLa0O0b572tB2w7t","Pink Sweat$","1W7FNibLa0O0b572tB2w7t","https://api.spotify.com/v1/artists/1W7FNibLa0O0b572tB2w7t"
"spotify:artist:57nPqD7z62gDdq37US9XJR","Arcane","57nPqD7z62gDdq37US9XJR","https://api.spotify.com/v1/artists/57nPqD7z62gDdq37US9XJR"
"spotify:artist:26bcq2nyj5GB7uRr558iQg","Survivor","26bcq2nyj5GB7uRr558iQg","https://api.spotify.com/v1/artists/26bcq2nyj5GB7uRr558iQg"
"spotify:artist:711MCceyCBcFnzjGY4Q7Un","AC/DC","711MCceyCBcFnzjGY4Q7Un","https://api.spotify.com/v1/artists/711MCceyCBcFnzjGY4Q7Un"
"spotify:artist:5jJjvmEwRr8epuGZq4eUUa","BRS Kash","5jJjvmEwRr8epuGZq4eUUa","https://api.spotify.com/v1/artists/5jJjvmEwRr8epuGZq4eUUa"
"spotify:artist:0sc5zYshOdiFD4ayqMrJbJ","Jazz Cartier","0sc5zYshOdiFD4ayqMrJbJ","https://api.spotify.com/v1/artists/0sc5zYshOdiFD4ayqMrJbJ"
"spotify:artist:6WY7D3jk8zTrHtmkqqo5GI","Maren Morris","6WY7D3jk8zTrHtmkqqo5GI","https://api.spotify.com/v1/artists/6WY7D3jk8zTrHtmkqqo5GI"
"spotify:artist:0pltaFx5l05YFrswlNEafU","SAINT LYOR","0pltaFx5l05YFrswlNEafU","https://api.spotify.com/v1/artists/0pltaFx5l05YFrswlNEafU"
"spotify:artist:1GZUXd4w6cHTfoqHMrbMDZ","Jay Bezzy","1GZUXd4w6cHTfoqHMrbMDZ","https://api.spotify.com/v1/artists/1GZUXd4w6cHTfoqHMrbMDZ"
"spotify:artist:1DN9Pgv4fiAaRSSgiisj5G","FELIX!","1DN9Pgv4fiAaRSSgiisj5G","https://api.spotify.com/v1/artists/1DN9Pgv4fiAaRSSgiisj5G"
"spotify:artist:1ybINI1qPiFbwDXamRtwxD","Smino","1ybINI1qPiFbwDXamRtwxD","https://api.spotify.com/v1/artists/1ybINI1qPiFbwDXamRtwxD"
"spotify:artist:6fzQ81ouajOEFqCIB9VwrS","Morgan Evans","6fzQ81ouajOEFqCIB9VwrS","https://api.spotify.com/v1/artists/6fzQ81ouajOEFqCIB9VwrS"
"spotify:artist:6QtIrsfiHbIToOfsCllNxv","Meechy Baby","6QtIrsfiHbIToOfsCllNxv","https://api.spotify.com/v1/artists/6QtIrsfiHbIToOfsCllNxv"
"spotify:artist:0cc6vw3VN8YlIcvr1v7tBL","Mötley Crüe","0cc6vw3VN8YlIcvr1v7tBL","https://api.spotify.com/v1/artists/0cc6vw3VN8YlIcvr1v7tBL"
"spotify:artist:0DxPHf2flBAcV2SnZPg3SV","Jake Scott","0DxPHf2flBAcV2SnZPg3SV","https://api.spotify.com/v1/artists/0DxPHf2flBAcV2SnZPg3SV"
"spotify:artist:0tO3KaRy0ZACd8XJYT3IX2","Eric 'ET' Thorngren","0tO3KaRy0ZACd8XJYT3IX2","https://api.spotify.com/v1/artists/0tO3KaRy0ZACd8XJYT3IX2"
"spotify:artist:6x2LnllRG5uGarZMsD4iO8","Thomas Rhett","6x2LnllRG5uGarZMsD4iO8","https://api.spotify.com/v1/artists/6x2LnllRG5uGarZMsD4iO8"
"spotify:artist:6jeg7JBX9J9097esK752iR","Smiley","6jeg7JBX9J9097esK752iR","https://api.spotify.com/v1/artists/6jeg7JBX9J9097esK752iR"
"spotify:artist:03T8GHHcCEtcfnjbP5aHLg","YungManny","03T8GHHcCEtcfnjbP5aHLg","https://api.spotify.com/v1/artists/03T8GHHcCEtcfnjbP5aHLg"
"spotify:artist:4HzKw8XcD0piJmDrrPRCYk","Majid Jordan","4HzKw8XcD0piJmDrrPRCYk","https://api.spotify.com/v1/artists/4HzKw8XcD0piJmDrrPRCYk"
"spotify:artist:4e7DLHD3L0VvT1ubv5oq0w","YSN Fab","4e7DLHD3L0VvT1ubv5oq0w","https://api.spotify.com/v1/artists/4e7DLHD3L0VvT1ubv5oq0w"
"spotify:artist:555MqZGSQCqBmLLLFUjsPl","Rojay MLP","555MqZGSQCqBmLLLFUjsPl","https://api.spotify.com/v1/artists/555MqZGSQCqBmLLLFUjsPl"
"spotify:artist:7ECp9Ab69X334S1fo7jAp3","Cootie","7ECp9Ab69X334S1fo7jAp3","https://api.spotify.com/v1/artists/7ECp9Ab69X334S1fo7jAp3"
"spotify:artist:6U3ybJ9UHNKEdsH7ktGBZ7","JID","6U3ybJ9UHNKEdsH7ktGBZ7","https://api.spotify.com/v1/artists/6U3ybJ9UHNKEdsH7ktGBZ7"
"spotify:artist:5Matrg5du62bXwer29cU5T","Benny The Butcher","5Matrg5du62bXwer29cU5T","https://api.spotify.com/v1/artists/5Matrg5du62bXwer29cU5T"
"spotify:artist:5LHRHt1k9lMyONurDHEdrp","Tyga","5LHRHt1k9lMyONurDHEdrp","https://api.spotify.com/v1/artists/5LHRHt1k9lMyONurDHEdrp"
"spotify:artist:6nXco5Q3cJJ0ZutnBOsSpq","MacKenzie Porter","6nXco5Q3cJJ0ZutnBOsSpq","https://api.spotify.com/v1/artists/6nXco5Q3cJJ0ZutnBOsSpq"
"dummy_artist_uri","dummy_artist_name","dummy_artist_id","dummy_artist_url"
"spotify:artist:0u2FHSq3ln94y5Q57xazwf","Keith Urban","0u2FHSq3ln94y5Q57xazwf","https://api.spotify.com/v1/artists/0u2FHSq3ln94y5Q57xazwf"
"spotify:artist:4npEfmQ6YuiwW1GpUmaq3F","Ava Max","4npEfmQ6YuiwW1GpUmaq3F","https://api.spotify.com/v1/artists/4npEfmQ6YuiwW1GpUmaq3F"
"spotify:artist:6oUVQSkgFOPuv5g2hRCONc","Jaah SLT","6oUVQSkgFOPuv5g2hRCONc","https://api.spotify.com/v1/artists/6oUVQSkgFOPuv5g2hRCONc"
"spotify:artist:508weSx4HBumrGggFmc7br","Hunxho","508weSx4HBumrGggFmc7br","https://api.spotify.com/v1/artists/508weSx4HBumrGggFmc7br"
"spotify:artist:4weldYkJEu7VzU1lLUQPBF","Lil Migo","4weldYkJEu7VzU1lLUQPBF","https://api.spotify.com/v1/artists/4weldYkJEu7VzU1lLUQPBF"
"spotify:artist:3jAZsSIIA8HLjxR99biJyx","Cico P","3jAZsSIIA8HLjxR99biJyx","https://api.spotify.com/v1/artists/3jAZsSIIA8HLjxR99biJyx"
"spotify:artist:3ycxRkcZ67ALN3GQJ57Vig","Masego","3ycxRkcZ67ALN3GQJ57Vig","https://api.spotify.com/v1/artists/3ycxRkcZ67ALN3GQJ57Vig"
"spotify:artist:4yvcSjfu4PC0CYQyLy4wSq","Glass Animals","4yvcSjfu4PC0CYQyLy4wSq","https://api.spotify.com/v1/artists/4yvcSjfu4PC0CYQyLy4wSq"
"spotify:artist:2tIP7SsRs7vjIcLrU85W8J","The Kid LAROI","2tIP7SsRs7vjIcLrU85W8J","https://api.spotify.com/v1/artists/2tIP7SsRs7vjIcLrU85W8J"
"spotify:artist:5F1aAS1duwlzExnPs3l2Xe","Pooh Shiesty","5F1aAS1duwlzExnPs3l2Xe","https://api.spotify.com/v1/artists/5F1aAS1duwlzExnPs3l2Xe"
"spotify:artist:7J0hrNYCO5DgAx0XaRJqkh","Yung Kayo","7J0hrNYCO5DgAx0XaRJqkh","https://api.spotify.com/v1/artists/7J0hrNYCO5DgAx0XaRJqkh"
"spotify:artist:5SXuuuRpukkTvsLuUknva1","Baby Keem","5SXuuuRpukkTvsLuUknva1","https://api.spotify.com/v1/artists/5SXuuuRpukkTvsLuUknva1"
"spotify:artist:1sBkRIssrMs1AbVkOJbc7a","Rick Ross","1sBkRIssrMs1AbVkOJbc7a","https://api.spotify.com/v1/artists/1sBkRIssrMs1AbVkOJbc7a"
"spotify:artist:3qiHUAX7zY4Qnjx8TNUzVx","Yeat","3qiHUAX7zY4Qnjx8TNUzVx","https://api.spotify.com/v1/artists/3qiHUAX7zY4Qnjx8TNUzVx"
"spotify:artist:5cj0lLjcoR7YOSnhnX0Po5","Doja Cat","5cj0lLjcoR7YOSnhnX0Po5","https://api.spotify.com/v1/artists/5cj0lLjcoR7YOSnhnX0Po5"
"spotify:artist:3tlXnStJ1fFhdScmQeLpuG","Brent Faiyaz","3tlXnStJ1fFhdScmQeLpuG","https://api.spotify.com/v1/artists/3tlXnStJ1fFhdScmQeLpuG"
"spotify:artist:7eKWS1WFa1AQQJrjCdYywU","Chi Chi","7eKWS1WFa1AQQJrjCdYywU","https://api.spotify.com/v1/artists/7eKWS1WFa1AQQJrjCdYywU"
"spotify:artist:1gPhS1zisyXr5dHTYZyiMe","Kevin Gates","1gPhS1zisyXr5dHTYZyiMe","https://api.spotify.com/v1/artists/1gPhS1zisyXr5dHTYZyiMe"
"spotify:artist:54lUDwCk35ihJuK3yJCqHA","James Barker Band","54lUDwCk35ihJuK3yJCqHA","https://api.spotify.com/v1/artists/54lUDwCk35ihJuK3yJCqHA"
"spotify:artist:6nfN5B7Jmi853SHa9106Hz","Mickey Guyton","6nfN5B7Jmi853SHa9106Hz","https://api.spotify.com/v1/artists/6nfN5B7Jmi853SHa9106Hz"
"spotify:artist:2hVWBpjLW4Q7fboYz2pVYK","Moliy","2hVWBpjLW4Q7fboYz2pVYK","https://api.spotify.com/v1/artists/2hVWBpjLW4Q7fboYz2pVYK"
"spotify:artist:1McMsnEElThX1knmY4oliG","Olivia Rodrigo","1McMsnEElThX1knmY4oliG","https://api.spotify.com/v1/artists/1McMsnEElThX1knmY4oliG"
"spotify:artist:1hNaHKp2Za5YdOAG0WnRbc","Tiwa Savage","1hNaHKp2Za5YdOAG0WnRbc","https://api.spotify.com/v1/artists/1hNaHKp2Za5YdOAG0WnRbc"
"spotify:artist:0LyfQWJT6nXafLPZqxe9Of","Various Artists","0LyfQWJT6nXafLPZqxe9Of","https://api.spotify.com/v1/artists/0LyfQWJT6nXafLPZqxe9Of"
"spotify:artist:1O8X4zxUh4AdAPFttOTlLr","Thouxanbanfauni","1O8X4zxUh4AdAPFttOTlLr","https://api.spotify.com/v1/artists/1O8X4zxUh4AdAPFttOTlLr"
"spotify:artist:7kwCkEJ384PWm0UQW3hxjS","Yella Beezy","7kwCkEJ384PWm0UQW3hxjS","https://api.spotify.com/v1/artists/7kwCkEJ384PWm0UQW3hxjS"
"spotify:artist:0Z8XVUAOBPM4x12wKnFHEQ","Parker McCollum","0Z8XVUAOBPM4x12wKnFHEQ","https://api.spotify.com/v1/artists/0Z8XVUAOBPM4x12wKnFHEQ"
"spotify:artist:5tQMB0cuNXdCtzovGt55uD","LUCKI","5tQMB0cuNXdCtzovGt55uD","https://api.spotify.com/v1/artists/5tQMB0cuNXdCtzovGt55uD"
"spotify:artist:3grHWM9bx2E9vwJCdlRv9O","Kenny Chesney","3grHWM9bx2E9vwJCdlRv9O","https://api.spotify.com/v1/artists/3grHWM9bx2E9vwJCdlRv9O"
"spotify:artist:6cK3NBO6uP7hh0oyuVELFl","Saweetie","6cK3NBO6uP7hh0oyuVELFl","https://api.spotify.com/v1/artists/6cK3NBO6uP7hh0oyuVELFl"
"spotify:artist:1vaQ6v3pOFxAIrFoPrAcom","Ari Lennox","1vaQ6v3pOFxAIrFoPrAcom","https://api.spotify.com/v1/artists/1vaQ6v3pOFxAIrFoPrAcom"
"spotify:artist:5Zq7R5qmi58ByYyBQTlNuk","Lee Brice","5Zq7R5qmi58ByYyBQTlNuk","https://api.spotify.com/v1/artists/5Zq7R5qmi58ByYyBQTlNuk"
"spotify:artist:7HjGPPtdNuHcK8crc7iNkn","Ian Munsick","7HjGPPtdNuHcK8crc7iNkn","https://api.spotify.com/v1/artists/7HjGPPtdNuHcK8crc7iNkn"
"spotify:artist:6FqXAd1hQl7vVdIQ3hhtgc","D. Savage","6FqXAd1hQl7vVdIQ3hhtgc","https://api.spotify.com/v1/artists/6FqXAd1hQl7vVdIQ3hhtgc"
"spotify:artist:3OMeFBBc6FX5Q55CxKVFjW","BandoPop","3OMeFBBc6FX5Q55CxKVFjW","https://api.spotify.com/v1/artists/3OMeFBBc6FX5Q55CxKVFjW"
"spotify:artist:6VuMaDnrHyPL1p4EHjYLi7","Charlie Puth","6VuMaDnrHyPL1p4EHjYLi7","https://api.spotify.com/v1/artists/6VuMaDnrHyPL1p4EHjYLi7"
"spotify:artist:3Nrfpe0tUJi4K4DXYWgMUX","BTS","3Nrfpe0tUJi4K4DXYWgMUX","https://api.spotify.com/v1/artists/3Nrfpe0tUJi4K4DXYWgMUX"
"spotify:artist:45TgXXqMDdF8BkjA83OM7z","Rod Wave","45TgXXqMDdF8BkjA83OM7z","https://api.spotify.com/v1/artists/45TgXXqMDdF8BkjA83OM7z"
"spotify:artist:7tje8UB3cuR1ZfeJx2U38T","Logan Mize","7tje8UB3cuR1ZfeJx2U38T","https://api.spotify.com/v1/artists/7tje8UB3cuR1ZfeJx2U38T"
"spotify:artist:3nYYI90ObxhjLjdxaoXGSa","Catie Turner","3nYYI90ObxhjLjdxaoXGSa","https://api.spotify.com/v1/artists/3nYYI90ObxhjLjdxaoXGSa"
"spotify:artist:5iqStkZi6QmG8sgQZQrfGN","Danielle Bradbery","5iqStkZi6QmG8sgQZQrfGN","https://api.spotify.com/v1/artists/5iqStkZi6QmG8sgQZQrfGN"
"spotify:artist:1dLWg6m8RRhizsdqJbhyj3","Quiet Riot","1dLWg6m8RRhizsdqJbhyj3","https://api.spotify.com/v1/artists/1dLWg6m8RRhizsdqJbhyj3"
"spotify:artist:4e9TBaTlI3LVQz3tkTYC0I","Hailey Whitters","4e9TBaTlI3LVQz3tkTYC0I","https://api.spotify.com/v1/artists/4e9TBaTlI3LVQz3tkTYC0I"
"spotify:artist:4FlG0V0jhLO4qGpayFOphj","EST Gee","4FlG0V0jhLO4qGpayFOphj","https://api.spotify.com/v1/artists/4FlG0V0jhLO4qGpayFOphj"
"spotify:artist:3jYolGVCwXgJYEr3GL8FCb","Clayton Anderson","3jYolGVCwXgJYEr3GL8FCb","https://api.spotify.com/v1/artists/3jYolGVCwXgJYEr3GL8FCb"
"spotify:artist:2qwXeRk8VBAegbUnf3xdyi","Ashley Cooke","2qwXeRk8VBAegbUnf3xdyi","https://api.spotify.com/v1/artists/2qwXeRk8VBAegbUnf3xdyi"
"spotify:artist:0du5cEVh5yTK9QJze8zA0C","Bruno Mars","0du5cEVh5yTK9QJze8zA0C","https://api.spotify.com/v1/artists/0du5cEVh5yTK9QJze8zA0C"
"spotify:artist:5uVK02OMlf0TvVe7iNHaGN","BROWN & GRAY","5uVK02OMlf0TvVe7iNHaGN","https://api.spotify.com/v1/artists/5uVK02OMlf0TvVe7iNHaGN"
"spotify:artist:6eUKZXaKkcviH0Ku9w2n3V","Ed Sheeran","6eUKZXaKkcviH0Ku9w2n3V","https://api.spotify.com/v1/artists/6eUKZXaKkcviH0Ku9w2n3V"
"spotify:artist:1Fmb52lZ6Jv7FMWXXTPO3K","Joan Jett & The Blackhearts","1Fmb52lZ6Jv7FMWXXTPO3K","https://api.spotify.com/v1/artists/1Fmb52lZ6Jv7FMWXXTPO3K"
"spotify:artist:7b85ve82Sh36a3UAx74wut","Twisted Sister","7b85ve82Sh36a3UAx74wut","https://api.spotify.com/v1/artists/7b85ve82Sh36a3UAx74wut"
"spotify:artist:5rjz63sgMaAUAyBMyCUK5D","Avery Anna","5rjz63sgMaAUAyBMyCUK5D","https://api.spotify.com/v1/artists/5rjz63sgMaAUAyBMyCUK5D"
"spotify:artist:56oDRnqbIiwx4mymNEv7dS","Lizzo","56oDRnqbIiwx4mymNEv7dS","https://api.spotify.com/v1/artists/56oDRnqbIiwx4mymNEv7dS"
"spotify:artist:0PnrpdWmz1aJYJfNPUejmk","Rjae","0PnrpdWmz1aJYJfNPUejmk","https://api.spotify.com/v1/artists/0PnrpdWmz1aJYJfNPUejmk"
"spotify:artist:5SyGEPymt1G2uto47tVWvZ","MadeinTYO","5SyGEPymt1G2uto47tVWvZ","https://api.spotify.com/v1/artists/5SyGEPymt1G2uto47tVWvZ"
"spotify:artist:1Xyo4u8uXC1ZmMpatF05PJ","The Weeknd","1Xyo4u8uXC1ZmMpatF05PJ","https://api.spotify.com/v1/artists/1Xyo4u8uXC1ZmMpatF05PJ"
"spotify:artist:6eKWqnckwdIlSnjaYgIyxv","Eli Young Band","6eKWqnckwdIlSnjaYgIyxv","https://api.spotify.com/v1/artists/6eKWqnckwdIlSnjaYgIyxv"
"spotify:artist:7io3MyhMxDZoBYXp4rlRFA","Chase Bryant","7io3MyhMxDZoBYXp4rlRFA","https://api.spotify.com/v1/artists/7io3MyhMxDZoBYXp4rlRFA"
"spotify:artist:4SbuhLih8eWLmqFzzmM3AK","HIXTAPE","4SbuhLih8eWLmqFzzmM3AK","https://api.spotify.com/v1/artists/4SbuhLih8eWLmqFzzmM3AK"
"spotify:artist:6BRxQ8cD3eqnrVj6WKDok8","Ella Langley","6BRxQ8cD3eqnrVj6WKDok8","https://api.spotify.com/v1/artists/6BRxQ8cD3eqnrVj6WKDok8"
"spotify:artist:4X5CTYQmx1NNyz9S1IpNko","Carter Faith","4X5CTYQmx1NNyz9S1IpNko","https://api.spotify.com/v1/artists/4X5CTYQmx1NNyz9S1IpNko"
"spotify:artist:2HUwZ0kumzCSlhFcjFZfpp","Flipp Dinero","2HUwZ0kumzCSlhFcjFZfpp","https://api.spotify.com/v1/artists/2HUwZ0kumzCSlhFcjFZfpp"
"spotify:artist:4yJHrytMK7mqtKsXVGaBNg","Fana Hues","4yJHrytMK7mqtKsXVGaBNg","https://api.spotify.com/v1/artists/4yJHrytMK7mqtKsXVGaBNg"
"spotify:artist:0yMuWrw3m4KacxLCpFQW9w","No Savage","0yMuWrw3m4KacxLCpFQW9w","https://api.spotify.com/v1/artists/0yMuWrw3m4KacxLCpFQW9w"
"spotify:artist:08Ld63UgKrJ0nZnCkzHtzc","Project Pat","08Ld63UgKrJ0nZnCkzHtzc","https://api.spotify.com/v1/artists/08Ld63UgKrJ0nZnCkzHtzc"
"spotify:artist:7c0XG5cIJTrrAgEC3ULPiq","Ty Dolla $ign","7c0XG5cIJTrrAgEC3ULPiq","https://api.spotify.com/v1/artists/7c0XG5cIJTrrAgEC3ULPiq"
"spotify:artist:6QrQ7OrISRYIfS5mtacaw2","Jaymes Young","6QrQ7OrISRYIfS5mtacaw2","https://api.spotify.com/v1/artists/6QrQ7OrISRYIfS5mtacaw2"
"spotify:artist:1xgl9yxqIVq8PEEMai38uV","BabySantana","1xgl9yxqIVq8PEEMai38uV","https://api.spotify.com/v1/artists/1xgl9yxqIVq8PEEMai38uV"
"spotify:artist:5f7VJjfbwm532GiveGC0ZK","Lil Baby","5f7VJjfbwm532GiveGC0ZK","https://api.spotify.com/v1/artists/5f7VJjfbwm532GiveGC0ZK"
"spotify:artist:12lHTAdc9T204lw5qPtasv","Foreign Teck","12lHTAdc9T204lw5qPtasv","https://api.spotify.com/v1/artists/12lHTAdc9T204lw5qPtasv"
"spotify:artist:0QHgL1lAIqAw0HtD7YldmP","DJ Khaled","0QHgL1lAIqAw0HtD7YldmP","https://api.spotify.com/v1/artists/0QHgL1lAIqAw0HtD7YldmP"
"spotify:artist:7Mkl8rsG7ZMoh0SZPuVZUW","BBY KODIE","7Mkl8rsG7ZMoh0SZPuVZUW","https://api.spotify.com/v1/artists/7Mkl8rsG7ZMoh0SZPuVZUW"
"spotify:artist:1zNqQNIdeOUZHb8zbZRFMX","Swae Lee","1zNqQNIdeOUZHb8zbZRFMX","https://api.spotify.com/v1/artists/1zNqQNIdeOUZHb8zbZRFMX"
"spotify:artist:5q8HGNo0BjLWaTAhRtbwxa","Brantley Gilbert","5q8HGNo0BjLWaTAhRtbwxa","https://api.spotify.com/v1/artists/5q8HGNo0BjLWaTAhRtbwxa"
"spotify:artist:718COspgdWOnwOFpJHRZHS","Luke Combs","718COspgdWOnwOFpJHRZHS","https://api.spotify.com/v1/artists/718COspgdWOnwOFpJHRZHS"
"spotify:artist:756t7CBmWLNYsshVtS6P44","Tone Stith","756t7CBmWLNYsshVtS6P44","https://api.spotify.com/v1/artists/756t7CBmWLNYsshVtS6P44"
"spotify:artist:11gyaEELeFdWVRaxWJm8b0","Bobby Fishscale","11gyaEELeFdWVRaxWJm8b0","https://api.spotify.com/v1/artists/11gyaEELeFdWVRaxWJm8b0"
"spotify:artist:3IJ21966TwNZI24MwZHMu4","Baby Tate","3IJ21966TwNZI24MwZHMu4","https://api.spotify.com/v1/artists/3IJ21966TwNZI24MwZHMu4"
"spotify:artist:0oSGxfWSnnOXhD2fKuz2Gy","David Bowie","0oSGxfWSnnOXhD2fKuz2Gy","https://api.spotify.com/v1/artists/0oSGxfWSnnOXhD2fKuz2Gy"
"spotify:artist:57LYzLEk2LcFghVwuWbcuS","Summer Walker","57LYzLEk2LcFghVwuWbcuS","https://api.spotify.com/v1/artists/57LYzLEk2LcFghVwuWbcuS"
"spotify:artist:1XkoF8ryArs86LZvFOkbyr","Mary J. Blige","1XkoF8ryArs86LZvFOkbyr","https://api.spotify.com/v1/artists/1XkoF8ryArs86LZvFOkbyr"
"spotify:artist:6RuutbNl5ny8LAf1uSK3fS","CEO Trayle","6RuutbNl5ny8LAf1uSK3fS","https://api.spotify.com/v1/artists/6RuutbNl5ny8LAf1uSK3fS"
"spotify:artist:0E3pLs4jXz9tDQGY8m1A1d","JayDaYoungan","0E3pLs4jXz9tDQGY8m1A1d","https://api.spotify.com/v1/artists/0E3pLs4jXz9tDQGY8m1A1d"
"spotify:artist:246dkjvS1zLTtiykXe5h60","Post Malone","246dkjvS1zLTtiykXe5h60","https://api.spotify.com/v1/artists/246dkjvS1zLTtiykXe5h60"
"spotify:artist:2dZ1l4hWgtbMS0N5T9Oalb","Sean Stemaly","2dZ1l4hWgtbMS0N5T9Oalb","https://api.spotify.com/v1/artists/2dZ1l4hWgtbMS0N5T9Oalb"
"spotify:artist:3Sji1Ukk1fAIBejIpQVRmC","Lc Levi","3Sji1Ukk1fAIBejIpQVRmC","https://api.spotify.com/v1/artists/3Sji1Ukk1fAIBejIpQVRmC"
"spotify:artist:5jfImMkUYyViFJrhdfYt1c","Austin Burke","5jfImMkUYyViFJrhdfYt1c","https://api.spotify.com/v1/artists/5jfImMkUYyViFJrhdfYt1c"
"spotify:artist:20wkVLutqVOYrc0kxFs7rA","Daniel Caesar","20wkVLutqVOYrc0kxFs7rA","https://api.spotify.com/v1/artists/20wkVLutqVOYrc0kxFs7rA"
"spotify:artist:3CQIn7N5CuRDP8wEI7FiDA","Run–D.M.C.","3CQIn7N5CuRDP8wEI7FiDA","https://api.spotify.com/v1/artists/3CQIn7N5CuRDP8wEI7FiDA"
"spotify:artist:5H6xmHXjsq98NLbEjuE29f","NEIKED","5H6xmHXjsq98NLbEjuE29f","https://api.spotify.com/v1/artists/5H6xmHXjsq98NLbEjuE29f"
"spotify:artist:71szvmFWd7TUa7b6XmXj9k","Emmy Meli","71szvmFWd7TUa7b6XmXj9k","https://api.spotify.com/v1/artists/71szvmFWd7TUa7b6XmXj9k"
"spotify:artist:530Sdm7eqqzWBdDmILMgnu","Robert Palmer","530Sdm7eqqzWBdDmILMgnu","https://api.spotify.com/v1/artists/530Sdm7eqqzWBdDmILMgnu"
"spotify:artist:0lZoBs4Pzo7R89JM9lxwoT","Duran Duran","0lZoBs4Pzo7R89JM9lxwoT","https://api.spotify.com/v1/artists/0lZoBs4Pzo7R89JM9lxwoT"
"spotify:artist:45gHcnDnMC15sgx3VL7ROG","42 Dugg","45gHcnDnMC15sgx3VL7ROG","https://api.spotify.com/v1/artists/45gHcnDnMC15sgx3VL7ROG"
"spotify:artist:2SJhf6rTOU53g8yBdAjPby","SoFaygo","2SJhf6rTOU53g8yBdAjPby","https://api.spotify.com/v1/artists/2SJhf6rTOU53g8yBdAjPby"
"spotify:artist:49DW3KvkyjHO35mK1JnSyS","The Cult","49DW3KvkyjHO35mK1JnSyS","https://api.spotify.com/v1/artists/49DW3KvkyjHO35mK1JnSyS"
"spotify:artist:6AgTAQt8XS6jRWi4sX7w49","Polo G","6AgTAQt8XS6jRWi4sX7w49","https://api.spotify.com/v1/artists/6AgTAQt8XS6jRWi4sX7w49"
"spotify:artist:6CGyB4PAg5rEyzeGumZrjr","Luke Bar$","6CGyB4PAg5rEyzeGumZrjr","https://api.spotify.com/v1/artists/6CGyB4PAg5rEyzeGumZrjr"
"spotify:artist:4NsVVzuaZGk4aya8Pyacew","Adam Doleac","4NsVVzuaZGk4aya8Pyacew","https://api.spotify.com/v1/artists/4NsVVzuaZGk4aya8Pyacew"
"spotify:artist:6hN9F0iuULZYWXppob22Aj","Simple Minds","6hN9F0iuULZYWXppob22Aj","https://api.spotify.com/v1/artists/6hN9F0iuULZYWXppob22Aj"
"spotify:artist:4NYMUsIcUUsBHbV9DICa5x","Nate Smith","4NYMUsIcUUsBHbV9DICa5x","https://api.spotify.com/v1/artists/4NYMUsIcUUsBHbV9DICa5x"
"spotify:artist:0wHeZY93Ede0g1jXaWsiFS","LPB Poody","0wHeZY93Ede0g1jXaWsiFS","https://api.spotify.com/v1/artists/0wHeZY93Ede0g1jXaWsiFS"
"spotify:artist:3lPQ2Fk5JOwGWAF3ORFCqH","John Mellencamp","3lPQ2Fk5JOwGWAF3ORFCqH","https://api.spotify.com/v1/artists/3lPQ2Fk5JOwGWAF3ORFCqH"
"spotify:artist:55zZKMiLQNwu6unkKc8J4y","BiC Fizzle","55zZKMiLQNwu6unkKc8J4y","https://api.spotify.com/v1/artists/55zZKMiLQNwu6unkKc8J4y"
"spotify:artist:46HzS7yz0c9udVwtbHk1sx","Cochise","46HzS7yz0c9udVwtbHk1sx","https://api.spotify.com/v1/artists/46HzS7yz0c9udVwtbHk1sx"
"spotify:artist:3eqjTLE0HfPfh78zjh6TqT","Bruce Springsteen","3eqjTLE0HfPfh78zjh6TqT","https://api.spotify.com/v1/artists/3eqjTLE0HfPfh78zjh6TqT"
"spotify:artist:3TVXtAsR1Inumwj472S9r4","Drake","3TVXtAsR1Inumwj472S9r4","https://api.spotify.com/v1/artists/3TVXtAsR1Inumwj472S9r4"
"spotify:artist:7502fDxg339jvGV08Jd4R0","Jasiah","7502fDxg339jvGV08Jd4R0","https://api.spotify.com/v1/artists/7502fDxg339jvGV08Jd4R0"
"spotify:artist:4E82Kdena6yf0reUDRzbvW","Maggie Baugh","4E82Kdena6yf0reUDRzbvW","https://api.spotify.com/v1/artists/4E82Kdena6yf0reUDRzbvW"
"spotify:artist:6EPlBSH2RSiettczlz7ihV","Sleepy Hallow","6EPlBSH2RSiettczlz7ihV","https://api.spotify.com/v1/artists/6EPlBSH2RSiettczlz7ihV"
"spotify:artist:6icQOAFXDZKsumw3YXyusw","Lil Yachty","6icQOAFXDZKsumw3YXyusw","https://api.spotify.com/v1/artists/6icQOAFXDZKsumw3YXyusw"
"spotify:artist:3PGiywHOqNwJ1bv4S3fgZF","Big Yavo","3PGiywHOqNwJ1bv4S3fgZF","https://api.spotify.com/v1/artists/3PGiywHOqNwJ1bv4S3fgZF"
"spotify:artist:7jVv8c5Fj3E9VhNjxT4snq","Lil Nas X","7jVv8c5Fj3E9VhNjxT4snq","https://api.spotify.com/v1/artists/7jVv8c5Fj3E9VhNjxT4snq"
"spotify:artist:21UPYSRWFKwtqvSAnFnSvS","Amaarae","21UPYSRWFKwtqvSAnFnSvS","https://api.spotify.com/v1/artists/21UPYSRWFKwtqvSAnFnSvS"
"spotify:artist:6TLwD7HPWuiOzvXEa3oCNe","Oliver Tree","6TLwD7HPWuiOzvXEa3oCNe","https://api.spotify.com/v1/artists/6TLwD7HPWuiOzvXEa3oCNe"
"spotify:artist:3PO1jRVb0lsv2140VTXOQo","David J","3PO1jRVb0lsv2140VTXOQo","https://api.spotify.com/v1/artists/3PO1jRVb0lsv2140VTXOQo"
"spotify:artist:6zLBxLdl60ekBLpawtT63I","Cody Johnson","6zLBxLdl60ekBLpawtT63I","https://api.spotify.com/v1/artists/6zLBxLdl60ekBLpawtT63I"
"spotify:artist:4eYE8Z6cfEHEdG22lTyucP","Morgan Wade","4eYE8Z6cfEHEdG22lTyucP","https://api.spotify.com/v1/artists/4eYE8Z6cfEHEdG22lTyucP"
"spotify:artist:5hhgghBFkLDdMn93GW4x3I","OG Parker","5hhgghBFkLDdMn93GW4x3I","https://api.spotify.com/v1/artists/5hhgghBFkLDdMn93GW4x3I"
"spotify:artist:0qSX3s5pJnAlSsgsCne8Cz","Brett Eldredge","0qSX3s5pJnAlSsgsCne8Cz","https://api.spotify.com/v1/artists/0qSX3s5pJnAlSsgsCne8Cz"
"spotify:artist:55Aa2cqylxrFIXC767Z865","Lil Wayne","55Aa2cqylxrFIXC767Z865","https://api.spotify.com/v1/artists/55Aa2cqylxrFIXC767Z865"
"spotify:artist:1FQXio7XougvCvKLIu0CCk","Tucker Beathard","1FQXio7XougvCvKLIu0CCk","https://api.spotify.com/v1/artists/1FQXio7XougvCvKLIu0CCk"
"spotify:artist:4P70LmF7PJwBGS9BV5dk2c","CHASE WRIGHT","4P70LmF7PJwBGS9BV5dk2c","https://api.spotify.com/v1/artists/4P70LmF7PJwBGS9BV5dk2c"
"spotify:artist:5QdEbQJ3ylBnc3gsIASAT5","G Herbo","5QdEbQJ3ylBnc3gsIASAT5","https://api.spotify.com/v1/artists/5QdEbQJ3ylBnc3gsIASAT5"
"spotify:artist:1p6CdzJRoicjRcSdWoB9Qc","Mitchell Tenpenny","1p6CdzJRoicjRcSdWoB9Qc","https://api.spotify.com/v1/artists/1p6CdzJRoicjRcSdWoB9Qc"
"spotify:artist:3oSJ7TBVCWMDMiYjXNiCKE","Kane Brown","3oSJ7TBVCWMDMiYjXNiCKE","https://api.spotify.com/v1/artists/3oSJ7TBVCWMDMiYjXNiCKE"
"spotify:artist:1456WwI15Lm9CktCzkLZvm","Josh Gracin","1456WwI15Lm9CktCzkLZvm","https://api.spotify.com/v1/artists/1456WwI15Lm9CktCzkLZvm"
"spotify:artist:1ooV8YZC1KbpEcrmI8WH0F","Yebba","1ooV8YZC1KbpEcrmI8WH0F","https://api.spotify.com/v1/artists/1ooV8YZC1KbpEcrmI8WH0F"
"spotify:artist:6jJ0s89eD6GaHleKKya26X","Katy Perry","6jJ0s89eD6GaHleKKya26X","https://api.spotify.com/v1/artists/6jJ0s89eD6GaHleKKya26X"
"spotify:artist:4qBgvVog0wzW75IQ48mU7v","KYLE","4qBgvVog0wzW75IQ48mU7v","https://api.spotify.com/v1/artists/4qBgvVog0wzW75IQ48mU7v"
"spotify:artist:5ZS223C6JyBfXasXxrRqOk","Jhené Aiko","5ZS223C6JyBfXasXxrRqOk","https://api.spotify.com/v1/artists/5ZS223C6JyBfXasXxrRqOk"
"spotify:artist:2hJPr4lk7Q8SSvCVBl9fWM","Kip Moore","2hJPr4lk7Q8SSvCVBl9fWM","https://api.spotify.com/v1/artists/2hJPr4lk7Q8SSvCVBl9fWM"
"spotify:artist:0H39MdGGX6dbnnQPt6NQkZ","SAINt JHN","0H39MdGGX6dbnnQPt6NQkZ","https://api.spotify.com/v1/artists/0H39MdGGX6dbnnQPt6NQkZ"
"spotify:artist:4pBG47zWhJbDw7mpsg68PJ","Dougie F","4pBG47zWhJbDw7mpsg68PJ","https://api.spotify.com/v1/artists/4pBG47zWhJbDw7mpsg68PJ"
"spotify:artist:35R1B97CfrqKFFI3QBkTDx","RealestK","35R1B97CfrqKFFI3QBkTDx","https://api.spotify.com/v1/artists/35R1B97CfrqKFFI3QBkTDx"
"spotify:artist:3tJoFztHeIJkJWMrx0td2f","Moneybagg Yo","3tJoFztHeIJkJWMrx0td2f","https://api.spotify.com/v1/artists/3tJoFztHeIJkJWMrx0td2f"
"spotify:artist:4BYxqVkZyFjtik7crYLg5Q","Chris Young","4BYxqVkZyFjtik7crYLg5Q","https://api.spotify.com/v1/artists/4BYxqVkZyFjtik7crYLg5Q"
"spotify:artist:0y2FPygoi6LVc75pxCgsMk","Conner Smith","0y2FPygoi6LVc75pxCgsMk","https://api.spotify.com/v1/artists/0y2FPygoi6LVc75pxCgsMk"
"spotify:artist:3eJCIS7ytlYvT3pgReuWWa","Madeline Edwards","3eJCIS7ytlYvT3pgReuWWa","https://api.spotify.com/v1/artists/3eJCIS7ytlYvT3pgReuWWa"
"spotify:artist:02ZtVIjKL1PYLlMmP1sz0h","Layton Greene","02ZtVIjKL1PYLlMmP1sz0h","https://api.spotify.com/v1/artists/02ZtVIjKL1PYLlMmP1sz0h"
"spotify:artist:3EhbVgyfGd7HkpsagwL9GS","Alice Cooper","3EhbVgyfGd7HkpsagwL9GS","https://api.spotify.com/v1/artists/3EhbVgyfGd7HkpsagwL9GS"
"spotify:artist:77kULmXAQ6vWer7IIHdGzI","Jordan Davis","77kULmXAQ6vWer7IIHdGzI","https://api.spotify.com/v1/artists/77kULmXAQ6vWer7IIHdGzI"
"spotify:artist:0Yr4BBpK2dkCp2UsrJ9LZN","Bankrol Hayden","0Yr4BBpK2dkCp2UsrJ9LZN","https://api.spotify.com/v1/artists/0Yr4BBpK2dkCp2UsrJ9LZN"
"spotify:artist:1WN3NClJsEUzhRjTLSpt60","Casey Barnes","1WN3NClJsEUzhRjTLSpt60","https://api.spotify.com/v1/artists/1WN3NClJsEUzhRjTLSpt60"
"spotify:artist:2kxNIMdmDtVtHDAWluq0eN","P Yungin","2kxNIMdmDtVtHDAWluq0eN","https://api.spotify.com/v1/artists/2kxNIMdmDtVtHDAWluq0eN"
"spotify:artist:4yTmEo2clwWq2jwelvqgVv","Fredo Bang","4yTmEo2clwWq2jwelvqgVv","https://api.spotify.com/v1/artists/4yTmEo2clwWq2jwelvqgVv"
"spotify:artist:1c70yCa8sRgIiQxl3HOEFo","Cherish","1c70yCa8sRgIiQxl3HOEFo","https://api.spotify.com/v1/artists/1c70yCa8sRgIiQxl3HOEFo"
"spotify:artist:4nZmMrwH6LxHnCzQv4IFUE","BIG30","4nZmMrwH6LxHnCzQv4IFUE","https://api.spotify.com/v1/artists/4nZmMrwH6LxHnCzQv4IFUE"
"spotify:artist:1URnnhqYAYcrqrcwql10ft","21 Savage","1URnnhqYAYcrqrcwql10ft","https://api.spotify.com/v1/artists/1URnnhqYAYcrqrcwql10ft"
"spotify:artist:79AyR6ATpj2LTPxfb6FX50","Lauren Spencer-Smith","79AyR6ATpj2LTPxfb6FX50","https://api.spotify.com/v1/artists/79AyR6ATpj2LTPxfb6FX50"
"spotify:artist:47mIJdHORyRerp4os813jD","League of Legends","47mIJdHORyRerp4os813jD","https://api.spotify.com/v1/artists/47mIJdHORyRerp4os813jD"
"spotify:artist:2o5jDhtHVPhrJdv3cEQ99Z","Tiësto","2o5jDhtHVPhrJdv3cEQ99Z","https://api.spotify.com/v1/artists/2o5jDhtHVPhrJdv3cEQ99Z"
"spotify:artist:4tMm1dU6Gn04VAZ9ClHcIZ","Jacquees","4tMm1dU6Gn04VAZ9ClHcIZ","https://api.spotify.com/v1/artists/4tMm1dU6Gn04VAZ9ClHcIZ"
"spotify:artist:2e4sMCgdXD5TkFquoTEA4j","Laine Hardy","2e4sMCgdXD5TkFquoTEA4j","https://api.spotify.com/v1/artists/2e4sMCgdXD5TkFquoTEA4j"
"spotify:artist:4CAL0nDGvLhUfQEpwSLnUz","Wacotron","4CAL0nDGvLhUfQEpwSLnUz","https://api.spotify.com/v1/artists/4CAL0nDGvLhUfQEpwSLnUz"
"spotify:artist:4lpA7MWpQpY7hKkwfLxw2Q","Lindsay Ell","4lpA7MWpQpY7hKkwfLxw2Q","https://api.spotify.com/v1/artists/4lpA7MWpQpY7hKkwfLxw2Q"
"spotify:artist:24I45QsPZf5Gr7aVlVmTfr","Troy Cartwright","24I45QsPZf5Gr7aVlVmTfr","https://api.spotify.com/v1/artists/24I45QsPZf5Gr7aVlVmTfr"
"spotify:artist:2Hkut4rAAyrQxRdof7FVJq","Rush","2Hkut4rAAyrQxRdof7FVJq","https://api.spotify.com/v1/artists/2Hkut4rAAyrQxRdof7FVJq"
"spotify:artist:2VSHKHBTiXWplO8lxcnUC9","GAYLE","2VSHKHBTiXWplO8lxcnUC9","https://api.spotify.com/v1/artists/2VSHKHBTiXWplO8lxcnUC9"
"spotify:artist:4TYOMrAFzxu8wO0yLIpOm4","Seddy Hendrinx","4TYOMrAFzxu8wO0yLIpOm4","https://api.spotify.com/v1/artists/4TYOMrAFzxu8wO0yLIpOm4"
"spotify:artist:07EtCDnMb2POsxltRSxWge","FINMAR","07EtCDnMb2POsxltRSxWge","https://api.spotify.com/v1/artists/07EtCDnMb2POsxltRSxWge"
"spotify:artist:72KyoXzp0NOQij6OcmZUxk","Midnight Oil","72KyoXzp0NOQij6OcmZUxk","https://api.spotify.com/v1/artists/72KyoXzp0NOQij6OcmZUxk"
"spotify:artist:0fiWOxhsBsQQvFDtxUQWo0","Brett Young","0fiWOxhsBsQQvFDtxUQWo0","https://api.spotify.com/v1/artists/0fiWOxhsBsQQvFDtxUQWo0"
"spotify:artist:1fBCIkoPOPCDLUxGuWNvyo","Poison","1fBCIkoPOPCDLUxGuWNvyo","https://api.spotify.com/v1/artists/1fBCIkoPOPCDLUxGuWNvyo"
"spotify:artist:1UTPBmNbXNTittyMJrNkvw","Blake Shelton","1UTPBmNbXNTittyMJrNkvw","https://api.spotify.com/v1/artists/1UTPBmNbXNTittyMJrNkvw"
"spotify:artist:64H8UqGLbJFHwKtGxiV8OP","THE ANXIETY","64H8UqGLbJFHwKtGxiV8OP","https://api.spotify.com/v1/artists/64H8UqGLbJFHwKtGxiV8OP"
"spotify:artist:2hlmm7s2ICUX0LVIhVFlZQ","Gunna","2hlmm7s2ICUX0LVIhVFlZQ","https://api.spotify.com/v1/artists/2hlmm7s2ICUX0LVIhVFlZQ"
"spotify:artist:4OKeMjg0BPykaJfAbr3dxs","Jaden Michaels","4OKeMjg0BPykaJfAbr3dxs","https://api.spotify.com/v1/artists/4OKeMjg0BPykaJfAbr3dxs"
"spotify:artist:6to2NJmRWY1h7rLU4c9TyG","Spencer Crandall","6to2NJmRWY1h7rLU4c9TyG","https://api.spotify.com/v1/artists/6to2NJmRWY1h7rLU4c9TyG"
"spotify:artist:7e10JUMF7MJmmwYpnTSMI5","Dave East","7e10JUMF7MJmmwYpnTSMI5","https://api.spotify.com/v1/artists/7e10JUMF7MJmmwYpnTSMI5"
"spotify:artist:7FGjkq9WfrRmBFL64ST0p9","KillBunk","7FGjkq9WfrRmBFL64ST0p9","https://api.spotify.com/v1/artists/7FGjkq9WfrRmBFL64ST0p9"
"spotify:artist:7jAs1uPnpfNmT6e5qtEPxq","ATL Jacob","7jAs1uPnpfNmT6e5qtEPxq","https://api.spotify.com/v1/artists/7jAs1uPnpfNmT6e5qtEPxq"
"spotify:artist:23vk8FQSjesEtpErniqki4","Kuttem Reese","23vk8FQSjesEtpErniqki4","https://api.spotify.com/v1/artists/23vk8FQSjesEtpErniqki4"
"spotify:artist:6wCypaPtud9fC2djKw9PDX","Jenna Paulette","6wCypaPtud9fC2djKw9PDX","https://api.spotify.com/v1/artists/6wCypaPtud9fC2djKw9PDX"
"spotify:artist:0bdJZl7TDeiymDYzMJnVh2","Preme","0bdJZl7TDeiymDYzMJnVh2","https://api.spotify.com/v1/artists/0bdJZl7TDeiymDYzMJnVh2"
"spotify:artist:13ubrt8QOOCPljQ2FL1Kca","A$AP Rocky","13ubrt8QOOCPljQ2FL1Kca","https://api.spotify.com/v1/artists/13ubrt8QOOCPljQ2FL1Kca"
"spotify:artist:2qB0DlFsQOpNh0bdMCJLwr","yvngxchris","2qB0DlFsQOpNh0bdMCJLwr","https://api.spotify.com/v1/artists/2qB0DlFsQOpNh0bdMCJLwr"
"spotify:artist:3FfvYsEGaIb52QPXhg4DcH","Jason Aldean","3FfvYsEGaIb52QPXhg4DcH","https://api.spotify.com/v1/artists/3FfvYsEGaIb52QPXhg4DcH"
"spotify:artist:6BpvASijzSWj7gnZD4Dvf1","Priscilla Block","6BpvASijzSWj7gnZD4Dvf1","https://api.spotify.com/v1/artists/6BpvASijzSWj7gnZD4Dvf1"
"spotify:artist:0p7RQG0Rq8tzWxUros2BDf","Luke and Kaylee","0p7RQG0Rq8tzWxUros2BDf","https://api.spotify.com/v1/artists/0p7RQG0Rq8tzWxUros2BDf"
"spotify:artist:4YLtscXsxbVgi031ovDDdh","Chris Stapleton","4YLtscXsxbVgi031ovDDdh","https://api.spotify.com/v1/artists/4YLtscXsxbVgi031ovDDdh"
"spotify:artist:1xoxekeb8jUVHKJB7m6bfg","Tyler Cole","1xoxekeb8jUVHKJB7m6bfg","https://api.spotify.com/v1/artists/1xoxekeb8jUVHKJB7m6bfg"
"spotify:artist:1CoZyIx7UvdxT5c8UkMzHd","Jorja Smith","1CoZyIx7UvdxT5c8UkMzHd","https://api.spotify.com/v1/artists/1CoZyIx7UvdxT5c8UkMzHd"
"spotify:artist:4KWTAlx2RvbpseOGMEmROg","R.E.M.","4KWTAlx2RvbpseOGMEmROg","https://api.spotify.com/v1/artists/4KWTAlx2RvbpseOGMEmROg"
"spotify:artist:0gg11prPP6OqtUvBcKnPpq","Rylo Rodriguez","0gg11prPP6OqtUvBcKnPpq","https://api.spotify.com/v1/artists/0gg11prPP6OqtUvBcKnPpq"
"spotify:artist:22hWz22JAmIhIEp0u1X01L","DUSTY LOCANE","22hWz22JAmIhIEp0u1X01L","https://api.spotify.com/v1/artists/22hWz22JAmIhIEp0u1X01L"
"spotify:artist:4AVFqumd2ogHFlRbKIjp1t","Alesso","4AVFqumd2ogHFlRbKIjp1t","https://api.spotify.com/v1/artists/4AVFqumd2ogHFlRbKIjp1t"
"spotify:artist:7e1ICztHM2Sc4JNLxeMXYl","dvsn","7e1ICztHM2Sc4JNLxeMXYl","https://api.spotify.com/v1/artists/7e1ICztHM2Sc4JNLxeMXYl"
"spotify:artist:7crPfGd2k81ekOoSqQKWWz","Stevie Nicks","7crPfGd2k81ekOoSqQKWWz","https://api.spotify.com/v1/artists/7crPfGd2k81ekOoSqQKWWz"
"spotify:artist:220xv2aB3dsGxaJI1gGs7l","Hotboii","220xv2aB3dsGxaJI1gGs7l","https://api.spotify.com/v1/artists/220xv2aB3dsGxaJI1gGs7l"
"spotify:artist:21E3waRsmPlU7jZsS13rcj","Ne-Yo","21E3waRsmPlU7jZsS13rcj","https://api.spotify.com/v1/artists/21E3waRsmPlU7jZsS13rcj"
"spotify:artist:7sKxqpSqbIzphAKAhrqvlf","Walker Hayes","7sKxqpSqbIzphAKAhrqvlf","https://api.spotify.com/v1/artists/7sKxqpSqbIzphAKAhrqvlf"
"spotify:artist:7tYKF4w9nC0nq9CsPZTHyP","SZA","7tYKF4w9nC0nq9CsPZTHyP","https://api.spotify.com/v1/artists/7tYKF4w9nC0nq9CsPZTHyP"
"spotify:artist:2RdwBSPQiwcmiDo9kixcl8","Pharrell Williams","2RdwBSPQiwcmiDo9kixcl8","https://api.spotify.com/v1/artists/2RdwBSPQiwcmiDo9kixcl8"
"spotify:artist:6K4y1ejK5kZ0kRdgCv5bRg","Kat & Alex","6K4y1ejK5kZ0kRdgCv5bRg","https://api.spotify.com/v1/artists/6K4y1ejK5kZ0kRdgCv5bRg"
"spotify:artist:6LXRvV2OAtXF7685fzh3mj","Rowdy Rebel","6LXRvV2OAtXF7685fzh3mj","https://api.spotify.com/v1/artists/6LXRvV2OAtXF7685fzh3mj"
"spotify:artist:2cnMpRsOVqtPMfq7YiFE6K","Van Halen","2cnMpRsOVqtPMfq7YiFE6K","https://api.spotify.com/v1/artists/2cnMpRsOVqtPMfq7YiFE6K"
"spotify:artist:3Y7RZ31TRPVadSFVy1o8os","H.E.R.","3Y7RZ31TRPVadSFVy1o8os","https://api.spotify.com/v1/artists/3Y7RZ31TRPVadSFVy1o8os"
"spotify:artist:6If57j6e3TXXk0HiLcIZca","Sevyn Streeter","6If57j6e3TXXk0HiLcIZca","https://api.spotify.com/v1/artists/6If57j6e3TXXk0HiLcIZca"
"spotify:artist:5fyvTyetDr7gvLafBsEEhU","Shordie Shordie","5fyvTyetDr7gvLafBsEEhU","https://api.spotify.com/v1/artists/5fyvTyetDr7gvLafBsEEhU"
"spotify:artist:5ujvZU2thXjZgFKPUt1rDt","Chayce Beckham","5ujvZU2thXjZgFKPUt1rDt","https://api.spotify.com/v1/artists/5ujvZU2thXjZgFKPUt1rDt"
"spotify:artist:0GzIauSfKRc5BlNXpTWAGz","Jessie James Decker","0GzIauSfKRc5BlNXpTWAGz","https://api.spotify.com/v1/artists/0GzIauSfKRc5BlNXpTWAGz"
"spotify:artist:2QFzplw4w06o3HuBhjrPnn","lil Darius","2QFzplw4w06o3HuBhjrPnn","https://api.spotify.com/v1/artists/2QFzplw4w06o3HuBhjrPnn"
"spotify:artist:0jPnVIasXzBYjrlpO5irii","Ingrid Andress","0jPnVIasXzBYjrlpO5irii","https://api.spotify.com/v1/artists/0jPnVIasXzBYjrlpO5irii"
"spotify:artist:78YqeIji3mgAS2K1Maca6x","Dylan Scott","78YqeIji3mgAS2K1Maca6x","https://api.spotify.com/v1/artists/78YqeIji3mgAS2K1Maca6x"
"spotify:artist:58lV9VcRSjABbAbfWS6skp","Bon Jovi","58lV9VcRSjABbAbfWS6skp","https://api.spotify.com/v1/artists/58lV9VcRSjABbAbfWS6skp"
"spotify:artist:6LuN9FCkKOj5PcnpouEgny","Khalid","6LuN9FCkKOj5PcnpouEgny","https://api.spotify.com/v1/artists/6LuN9FCkKOj5PcnpouEgny"
"spotify:artist:0rvjqX7ttXeg3mTy8Xscbt","Journey","0rvjqX7ttXeg3mTy8Xscbt","https://api.spotify.com/v1/artists/0rvjqX7ttXeg3mTy8Xscbt"
"spotify:artist:6ZV6lGY0prbqpTD0Md8i29","Scotty McCreery","6ZV6lGY0prbqpTD0Md8i29","https://api.spotify.com/v1/artists/6ZV6lGY0prbqpTD0Md8i29"
"spotify:artist:20s0P9QLxGqKuCsGwFsp7w","Mario","20s0P9QLxGqKuCsGwFsp7w","https://api.spotify.com/v1/artists/20s0P9QLxGqKuCsGwFsp7w"
"spotify:artist:6tPHARSq45lQ8BSALCfkFC","Lainey Wilson","6tPHARSq45lQ8BSALCfkFC","https://api.spotify.com/v1/artists/6tPHARSq45lQ8BSALCfkFC"
"spotify:artist:4wpwsRGyik5kVa8fG37Q50","BigKayBeezy","4wpwsRGyik5kVa8fG37Q50","https://api.spotify.com/v1/artists/4wpwsRGyik5kVa8fG37Q50"
"spotify:artist:70kkdajctXSbqSMJbQO424","Kacey Musgraves","70kkdajctXSbqSMJbQO424","https://api.spotify.com/v1/artists/70kkdajctXSbqSMJbQO424"
"spotify:artist:2kucQ9jQwuD8jWdtR9Ef38","Sam Hunt","2kucQ9jQwuD8jWdtR9Ef38","https://api.spotify.com/v1/artists/2kucQ9jQwuD8jWdtR9Ef38"
"spotify:artist:7n2wHs1TKAczGzO7Dd2rGr","Shawn Mendes","7n2wHs1TKAczGzO7Dd2rGr","https://api.spotify.com/v1/artists/7n2wHs1TKAczGzO7Dd2rGr"
"spotify:artist:6jHWWttC33OQdEDnUXtYrq","Hannah Ellis","6jHWWttC33OQdEDnUXtYrq","https://api.spotify.com/v1/artists/6jHWWttC33OQdEDnUXtYrq"
"spotify:artist:75e41tQrYZ8vXnAoeIG9zd","Hannah May Allison","75e41tQrYZ8vXnAoeIG9zd","https://api.spotify.com/v1/artists/75e41tQrYZ8vXnAoeIG9zd"
"spotify:artist:7bXgB6jMjp9ATFy66eO08Z","Chris Brown","7bXgB6jMjp9ATFy66eO08Z","https://api.spotify.com/v1/artists/7bXgB6jMjp9ATFy66eO08Z"
"spotify:artist:46SHBwWsqBkxI7EeeBEQG7","Kodak Black","46SHBwWsqBkxI7EeeBEQG7","https://api.spotify.com/v1/artists/46SHBwWsqBkxI7EeeBEQG7"
"spotify:artist:4GGfAshSkqoxpZdoaHm7ky","ERNEST","4GGfAshSkqoxpZdoaHm7ky","https://api.spotify.com/v1/artists/4GGfAshSkqoxpZdoaHm7ky"
"spotify:artist:3IE9OtMFMZFj8CEgflFlPw","Bizzy Crook","3IE9OtMFMZFj8CEgflFlPw","https://api.spotify.com/v1/artists/3IE9OtMFMZFj8CEgflFlPw"
"spotify:artist:43mhFhQ4JAknA7Ik1bOZuV","Pat Benatar","43mhFhQ4JAknA7Ik1bOZuV","https://api.spotify.com/v1/artists/43mhFhQ4JAknA7Ik1bOZuV"
"spotify:artist:3PhoLpVuITZKcymswpck5b","Elton John","3PhoLpVuITZKcymswpck5b","https://api.spotify.com/v1/artists/3PhoLpVuITZKcymswpck5b"
"spotify:artist:7abk76xILIuWQIcPooclLp","Ray Fulcher","7abk76xILIuWQIcPooclLp","https://api.spotify.com/v1/artists/7abk76xILIuWQIcPooclLp"
"spotify:artist:2dz0ijxEHh6AzUzQBwBSKx","Kolby Cooper","2dz0ijxEHh6AzUzQBwBSKx","https://api.spotify.com/v1/artists/2dz0ijxEHh6AzUzQBwBSKx"
"spotify:artist:4JgGhWEWcKIyT84mknHP2w","Kent Jamz","4JgGhWEWcKIyT84mknHP2w","https://api.spotify.com/v1/artists/4JgGhWEWcKIyT84mknHP2w"
"spotify:artist:27T030eWyCQRmDyuvr1kxY","Scorpions","27T030eWyCQRmDyuvr1kxY","https://api.spotify.com/v1/artists/27T030eWyCQRmDyuvr1kxY"