"track_album","track_name","track_popularity","track_duration","track_uri","track_artists","track_id"
"0L93smV9MjarVHPfB6vZia","Tailgate To Heaven (feat. Chris Lane)","58","185883","spotify:track:0tXjb5mxi1ALIaagFuWxkb","[{""S"":""72iCV78mmAfr5s4A5dhjYg""},{""S"":""68abRTdO4meYReMWHvBYb0""}]","0tXjb5mxi1ALIaagFuWxkb"
"5wn3rXI7ahFosQJmt14ZJ2","Heart on My Glass","39","190146","spotify:track:5z5u8Kp8bDkc3QSNhn7wpv","[{""S"":""5bQxLohAAiOat0EMYuHjzJ""}]","5z5u8Kp8bDkc3QSNhn7wpv"
"0It8BS2aYEgexa65TJbp18","Dirt Road Down","72","165920","spotify:track:5gTQD1FjKMqUisgSD0uyb1","[{""S"":""6CegFHnUqJcOBipgphZ2CJ""}]","5gTQD1FjKMqUisgSD0uyb1"
"5yMa7b6GWvPHTPijIDQVtJ","Love Is Real","52","162973","spotify:track:0pJLfGfCgmr0z9WRjwY7A3","[{""S"":""6fzQ81ouajOEFqCIB9VwrS""}]","0pJLfGfCgmr0z9WRjwY7A3"
"68Bd8NriH6kXs9oedITPkq","Never Leave Her (feat. Jacquees)","64","174482","spotify:track:3i9k5M8xkZZ7LFAeMZBT4m","[{""S"":""6BH1xcDkwbbyrLMUKECsW1""},{""S"":""4tMm1dU6Gn04VAZ9ClHcIZ""}]","3i9k5M8xkZZ7LFAeMZBT4m"
"6VPco7KjnuEdqol2GoyRJw","I'm Hot (feat. Chi Chi & Nick Papz)","49","133224","spotify:track:4MI8cQXM78e5DbgErePSL2","[{""S"":""5jJjvmEwRr8epuGZq4eUUa""},{""S"":""7eKWS1WFa1AQQJrjCdYywU""},{""S"":""7308EC1qDOKUFAZLWtlpLP""}]","4MI8cQXM78e5DbgErePSL2"
"4zxsqQuLQMHfG48BZI3A2Y","Wild Hearts","71","182930","spotify:track:0BQpyaFrb78b9uobWNheqx","[{""S"":""0u2FHSq3ln94y5Q57xazwf""}]","0BQpyaFrb78b9uobWNheqx"
"4YdoHez1RJ5NPlSgRraKfz","Tweet Bird (Never Broke Again feat. YoungBoy Never Broke Again, Rojay MLP, Meechy Baby, P Yungin, Rjae)","52","200301","spotify:track:6UZWeRythuGsvnqrwgcj2v","[{""S"":""5YyTs9tUWqcdI9kIQb85P2""},{""S"":""7wlFDEWiM5OoIAt8RSli8b""},{""S"":""555MqZGSQCqBmLLLFUjsPl""},{""S"":""6QtIrsfiHbIToOfsCllNxv""},{""S"":""2kxNIMdmDtVtHDAWluq0eN""},{""S"":""0PnrpdWmz1aJYJfNPUejmk""}]","6UZWeRythuGsvnqrwgcj2v"
"3uOOKcr91I3Br0Rtmu4zdT","Rockin' in the Free World","67","281853","spotify:track:4Y7fEQ4PAzhlLnLviRw2P4","[{""S"":""6v8FB84lnmJs434UJf2Mrm""}]","4Y7fEQ4PAzhlLnLviRw2P4"
"0McWOHhD5uSpbT4wRuTgpj","Hold On Loosely","68","280636","spotify:track:6i9dZZQWNB06HKsQYKTiPF","[{""S"":""3zXw2Eh96iTT51pytzHdZi""}]","6i9dZZQWNB06HKsQYKTiPF"
"1OnzqJTL9bwe4kvaLxRYxt","Kiss Me More (feat. SZA)","90","208866","spotify:track:748mdHapucXQri7IAO8yFK","[{""S"":""5cj0lLjcoR7YOSnhnX0Po5""},{""S"":""7tYKF4w9nC0nq9CsPZTHyP""}]","748mdHapucXQri7IAO8yFK"
"0PMasrHdpaoIRuHuhHp72O","Dancing In the Dark","80","241306","spotify:track:7FwBtcecmlpc1sLySPXeGE","[{""S"":""3eqjTLE0HfPfh78zjh6TqT""}]","7FwBtcecmlpc1sLySPXeGE"
"5dGWwsZ9iB2Xc3UKR0gif2","Ghost","91","153190","spotify:track:6I3mqTwhRpn34SLVafSH7G","[{""S"":""1uNFoZAHBGtllmzznpCI3s""}]","6I3mqTwhRpn34SLVafSH7G"
"3PuVtau24hELLklY6dcd3q","Good Beer","63","174111","spotify:track:55M9eKCXJFCpid6WBVyEct","[{""S"":""1ryJB2bhfYjjIt8kqy4BoG""},{""S"":""77kULmXAQ6vWer7IIHdGzI""}]","55M9eKCXJFCpid6WBVyEct"
"1LQ7jQS8wOaIDcHqjcDet2","Younger Me","67","206853","spotify:track:5vyONuW3HK0kJQBkrSp25B","[{""S"":""39NR3AUhpbbqKM33vWn2fp""}]","5vyONuW3HK0kJQBkrSp25B"
"4kaFvICfRtvFJawQ6p7VSW","Somebody’s Son (Ft Brandy)","67","218130","spotify:track:3Z9B9GQ2fFx4IRCG8bbWys","[{""S"":""1hNaHKp2Za5YdOAG0WnRbc""},{""S"":""05oH07COxkXKIMt6mIPRee""}]","3Z9B9GQ2fFx4IRCG8bbWys"
"42uCYsRhcqIsEmL3anu3FH","Mud Brothers","46","166956","spotify:track:1E6xPYt9FyvkMnDeyVHLby","[{""S"":""2QFzplw4w06o3HuBhjrPnn""},{""S"":""09XX4vGibhdivyKlxP8MRf""}]","1E6xPYt9FyvkMnDeyVHLby"
"2OFIv4JASD85jXQCA1Xn0M","Settle (feat. Seddy Hendrinx)","47","182880","spotify:track:5tSEc1zFTKe8gBpeOi600K","[{""S"":""5sw4vau0N1fwalr2ACVN9M""},{""S"":""4TYOMrAFzxu8wO0yLIpOm4""}]","5tSEc1zFTKe8gBpeOi600K"
"2o2G49EPi4lua5zgxUKhLL","Run To You","69","233270","spotify:track:2RWFncSWZEhSRRifqiDNVV","[{""S"":""3Z02hBLubJxuFJfhacLSDc""}]","2RWFncSWZEhSRRifqiDNVV"
"4yunMFaNLz4dG99buYdUpn","George Strait Songs","49","214525","spotify:track:0yf9zd6aD8UIAcsTQ7n1yo","[{""S"":""7tje8UB3cuR1ZfeJx2U38T""}]","0yf9zd6aD8UIAcsTQ7n1yo"
"338LPt19lJ2GiGmxDSOAtR","Wickman","65","134120","spotify:track:2v2j25recIr66jLFS1ELuQ","[{""S"":""0Njy6yR9LykNKYg9yE23QN""}]","2v2j25recIr66jLFS1ELuQ"
"2xXJINeBLHwdFzQECIJuUM","Headstone","51","284560","spotify:track:21ZQamVjLP7lLrJ2wUshfu","[{""S"":""39NR3AUhpbbqKM33vWn2fp""}]","21ZQamVjLP7lLrJ2wUshfu"
"1rx8rmLDRuBdpDxf6Jfd3c","Should Have Known Better","60","146520","spotify:track:0zpaxKLpHw3zCmiYcvn9OV","[{""S"":""0GzIauSfKRc5BlNXpTWAGz""}]","0zpaxKLpHw3zCmiYcvn9OV"
"6Vtd35xUUyiFApy5kFdqVu","To Be Loved By You","72","198324","spotify:track:5Ykc3Wr4L4wef5QDdaaxM7","[{""S"":""0Z8XVUAOBPM4x12wKnFHEQ""}]","5Ykc3Wr4L4wef5QDdaaxM7"
"44lDYWVwQ1yo5r066GtpSo","Baby I Am","60","176573","spotify:track:6OSa9hgEvituO2SaaYBiwD","[{""S"":""5xF3SekjB3b2VO0FKN3K0A""}]","6OSa9hgEvituO2SaaYBiwD"
"2YpsZigTtax8g70dlvZsI7","Lying With You","34","179028","spotify:track:11yIRJ5cyjJVnnfoBhWt6d","[{""S"":""4P70LmF7PJwBGS9BV5dk2c""}]","11yIRJ5cyjJVnnfoBhWt6d"
"4lYcrnwCwPmh63E03VyAv2","SAD GIRLZ LUV MONEY Remix (feat. Kali Uchis and Moliy)","75","204763","spotify:track:15HMh4yxdf4wyxSZSlOgGZ","[{""S"":""21UPYSRWFKwtqvSAnFnSvS""},{""S"":""1U1el3k54VvEUzo3ybLPlM""},{""S"":""2hVWBpjLW4Q7fboYz2pVYK""}]","15HMh4yxdf4wyxSZSlOgGZ"
"6lhgLHvUJd4HORKWl8sK2e","How I'm Comin","48","127865","spotify:track:5ELl1iImY3ItRTJE3Z2Gr6","[{""S"":""5sw4vau0N1fwalr2ACVN9M""}]","5ELl1iImY3ItRTJE3Z2Gr6"
"1bRk2nXO3rZWIYGgeJGO5R","Boyfriend Season","57","189426","spotify:track:3lFM6nfTMY13O8eGTAq4LX","[{""S"":""7EekKnlf2HwNaLLpL9Cpgy""}]","3lFM6nfTMY13O8eGTAq4LX"
"50590zy2jXipuPgHomTXgv","Misery Loves Company","58","103777","spotify:track:4ui1Pja7YshNBdalTg6Swp","[{""S"":""4FlG0V0jhLO4qGpayFOphj""}]","4ui1Pja7YshNBdalTg6Swp"
"1Trg5OuUpkNFLF21HdbOg6","Up","68","183597","spotify:track:1GOMHxclGDvkcODCfYuuje","[{""S"":""0BvkDsjIUla7X0k6CSWh1I""}]","1GOMHxclGDvkcODCfYuuje"
"1nAQbHeOWTfQzbOoFrvndW","You Right","89","186173","spotify:track:0k4d5YPDr1r7FX77VdqWez","[{""S"":""5cj0lLjcoR7YOSnhnX0Po5""},{""S"":""1Xyo4u8uXC1ZmMpatF05PJ""}]","0k4d5YPDr1r7FX77VdqWez"
"3Z96YG0kqDD0hFc3ZD68NW","BACKROOM","73","155744","spotify:track:2CXNjqL7ewOt2bo5VCd1Lj","[{""S"":""6rIaHuCIUu32uj2CjlEBN3""}]","2CXNjqL7ewOt2bo5VCd1Lj"
"5FpWd9Y9csfi4xYhCcvbVh","Living Free","51","185888","spotify:track:0oMa11SpEDdjmYvEkOg4Pa","[{""S"":""4J3TXBvAMckFbTxqxNYpDj""},{""S"":""4lpA7MWpQpY7hKkwfLxw2Q""}]","0oMa11SpEDdjmYvEkOg4Pa"
"3WaUbOeg5kXCqbjKJYhSzO","Soul","54","167680","spotify:track:64U6K5ZCoHWsl1d8bL15BX","[{""S"":""5Zq7R5qmi58ByYyBQTlNuk""}]","64U6K5ZCoHWsl1d8bL15BX"
"6mUdeDZCsExyJLMdAfDuwh","You Shook Me All Night Long","81","210173","spotify:track:2SiXAy7TuUkycRVbbWDEpo","[{""S"":""711MCceyCBcFnzjGY4Q7Un""}]","2SiXAy7TuUkycRVbbWDEpo"
"7p4hzEV95XFXAvZh7kJo25","Best Of Me (feat. Rick Ross)","56","162356","spotify:track:2UZFCz8BnVv2O3sobXNJO2","[{""S"":""0wHeZY93Ede0g1jXaWsiFS""},{""S"":""1sBkRIssrMs1AbVkOJbc7a""}]","2UZFCz8BnVv2O3sobXNJO2"
"7JEzTYAS3ESDm5fL3PbsK7","Over You is You (feat. Matt Stell)","56","184013","spotify:track:4q6ZkvXOCdKaGFBwTWj7nY","[{""S"":""0gSAxSvAApQc71cTpoXDFu""},{""S"":""7EekKnlf2HwNaLLpL9Cpgy""}]","4q6ZkvXOCdKaGFBwTWj7nY"
"5VY7MlO6bxG8jwzgfJYdSg","Better In A Car","51","194824","spotify:track:0jf7mfajOp2Ilgvg7IdfC6","[{""S"":""55snOo1hCfZ7FC9ogPpGnH""}]","0jf7mfajOp2Ilgvg7IdfC6"
"5vBZRYu2GLA65nfxBvG1a7","I Still Haven't Found What I'm Looking For - Remastered 2007","59","277480","spotify:track:3MRQ3CSjoiV1HFil8ykM9M","[{""S"":""51Blml2LZPmy7TTiAg47vQ""}]","3MRQ3CSjoiV1HFil8ykM9M"
"3og8X1LYiVq3nPdMxpM9Wb","Human","65","221520","spotify:track:5AihIu9yF3flkw1jFMyfwW","[{""S"":""6zLBxLdl60ekBLpawtT63I""}]","5AihIu9yF3flkw1jFMyfwW"
"5E0LXGmyDlFqUkLFzLdxdH","I'll Never Stop","50","212576","spotify:track:6KZEHBZnEGRYIIEinjEEyD","[{""S"":""1aPmWgDU4JXEWg1d2BwH5M""}]","6KZEHBZnEGRYIIEinjEEyD"
"5kFCfioZraFsRWpoitQjmx","Shivers","42","207853","spotify:track:6bQfNiqyCX7UaQSvVVGo4I","[{""S"":""6eUKZXaKkcviH0Ku9w2n3V""}]","6bQfNiqyCX7UaQSvVVGo4I"
"6Mp175aGm3sE5zMxyG6KID","Being Honest","66","153964","spotify:track:0fiHDOKTOFnAPekgXYGErK","[{""S"":""2AMeiDbfU2vonrTkpXDKUu""}]","0fiHDOKTOFnAPekgXYGErK"
"5th0dWTiQ0WkGINantPzEC","If I Were Rock & Roll","62","194666","spotify:track:7GMXESVLghURYtnMXl7Ngn","[{""S"":""6pBNfggcZZDCmb0p92OnGn""}]","7GMXESVLghURYtnMXl7Ngn"
"0t7ccDIa3CbqzFrL9rOpaw","Everyone She Knows","48","204986","spotify:track:0OURixtwzJF8pON5JpMHKv","[{""S"":""3grHWM9bx2E9vwJCdlRv9O""}]","0OURixtwzJF8pON5JpMHKv"
"2nLOHgzXzwFEpl62zAgCEC","Out of Time","89","214193","spotify:track:2SLwbpExuoBDZBpjfefCtV","[{""S"":""1Xyo4u8uXC1ZmMpatF05PJ""}]","2SLwbpExuoBDZBpjfefCtV"
"3BfpheJUxjdVBG51HHIeUD","Only Us","53","162578","spotify:track:4k98tAWO0N5hMkZnx13TfJ","[{""S"":""3jYolGVCwXgJYEr3GL8FCb""}]","4k98tAWO0N5hMkZnx13TfJ"
"6hVJx6AudFaeCyHCECXHcy","One Way!","72","166956","spotify:track:2659CRCrqaXCaYBMtKrdYi","[{""S"":""5delTPpDAtBDsjk60f5xnt""}]","2659CRCrqaXCaYBMtKrdYi"
"73bPiJRwVPkE8dpyCikfFd","Addicted To Love","72","363640","spotify:track:5izGeTxueiFX1UPFGohY9w","[{""S"":""0tO3KaRy0ZACd8XJYT3IX2""},{""S"":""530Sdm7eqqzWBdDmILMgnu""}]","5izGeTxueiFX1UPFGohY9w"
"4PywMvltuqO7wSGwFxSmfY","Why Don't We","56","180481","spotify:track:2aRN0QN3BSUAd81TatzrMK","[{""S"":""3uabBlRSP7PRKh1822wSL2""}]","2aRN0QN3BSUAd81TatzrMK"
"45ba6QAtNrdv6Ke4MFOKk9","SWEET / I THOUGHT YOU WANTED TO DANCE (feat. Brent Faiyaz & Fana Hues)","77","588139","spotify:track:3EG9FJ0ToLfgnc1IG2Z1wz","[{""S"":""4V8LLVI7PbaPR0K2TGSxFF""},{""S"":""3tlXnStJ1fFhdScmQeLpuG""},{""S"":""4yJHrytMK7mqtKsXVGaBNg""}]","3EG9FJ0ToLfgnc1IG2Z1wz"
"3HAqDprp8YxHEguHkCcfOC","Out in the Middle","52","166300","spotify:track:2Dacmfq3VLY1miVcU2SMIt","[{""S"":""6yJCxee7QumYr820xdIsjo""}]","2Dacmfq3VLY1miVcU2SMIt"
"5pfpXvoJtSIFrbPIoBEv3R","Don't Stop Believin'","74","248906","spotify:track:77NNZQSqzLNqh2A9JhLRkg","[{""S"":""0rvjqX7ttXeg3mTy8Xscbt""}]","77NNZQSqzLNqh2A9JhLRkg"
"3I9Z1nDCL4E0cP62flcbI5","Sweet Child O' Mine","83","354520","spotify:track:7o2CTH4ctstm8TNelqjb51","[{""S"":""3qm84nBOXUEQ2vnTfUTTFC""}]","7o2CTH4ctstm8TNelqjb51"
"0PMasrHdpaoIRuHuhHp72O","Glory Days","72","254733","spotify:track:2Y90nL1ohB4sgYELDs7uNx","[{""S"":""3eqjTLE0HfPfh78zjh6TqT""}]","2Y90nL1ohB4sgYELDs7uNx"
"6PRq1ESUGYPQxwZ5gpSE0n","Migo Shit (feat. Quavo)","55","132475","spotify:track:769gsFXEqrcWbnkrQT8sz9","[{""S"":""4weldYkJEu7VzU1lLUQPBF""},{""S"":""0VRj0yCOv2FXJNP47XQnx5""}]","769gsFXEqrcWbnkrQT8sz9"
"4d4qaLHCcfXzMbGa33Kpqg","justified","34","180800","spotify:track:6IW4TUC3zHW4tpikDg1w7Y","[{""S"":""70kkdajctXSbqSMJbQO424""}]","6IW4TUC3zHW4tpikDg1w7Y"
"4JfQDfKe4N5NCEyMP1mYT6","Pride (In The Name Of Love)","47","227733","spotify:track:4Jdr7BkpqkkUwl2pFR0yVj","[{""S"":""51Blml2LZPmy7TTiAg47vQ""}]","4Jdr7BkpqkkUwl2pFR0yVj"
"1aUS3qejwUaANXTHdJRiT0","Somewhere Cool With You","59","168191","spotify:track:2F29A4pp7XDo9X4sunH4LZ","[{""S"":""4NsVVzuaZGk4aya8Pyacew""}]","2F29A4pp7XDo9X4sunH4LZ"
"58cd90Jkrovggh556JPN9L","Do It To It","96","157890","spotify:track:20on25jryn53hWghthWWW3","[{""S"":""4pnp4w9g30yLfVIAFnZMRd""},{""S"":""1c70yCa8sRgIiQxl3HOEFo""}]","20on25jryn53hWghthWWW3"
"4sShdTo9jO2RGLgDkZBgN8","Delorean","58","159160","spotify:track:4K6KyAOSkhGKgLO0SalQET","[{""S"":""7sKxqpSqbIzphAKAhrqvlf""}]","4K6KyAOSkhGKgLO0SalQET"
"0voFHUrIEBk7lmD24SY9kp","First Light","71","180025","spotify:track:6zuVzhogxotQnXIxr2wLE5","[{""S"":""5uVK02OMlf0TvVe7iNHaGN""}]","6zuVzhogxotQnXIxr2wLE5"
"7JkOPzOGGiQOVcPsJn3rO8","Prayin' For You","54","229316","spotify:track:4WrWLZznbRu0gv0v2N9IE1","[{""S"":""1FQXio7XougvCvKLIu0CCk""}]","4WrWLZznbRu0gv0v2N9IE1"
"3VCaKLIlIDrfKvurZcTmBl","One Mississippi","77","213718","spotify:track:4FdPnT2cFrpWCmWZd7GXc3","[{""S"":""3oSJ7TBVCWMDMiYjXNiCKE""}]","4FdPnT2cFrpWCmWZd7GXc3"
"7cijLhDoQm1W7MUbNVIW0t","Sitting on Empty","49","188705","spotify:track:23y9HSyRewnGIx7vZVZhnq","[{""S"":""3MG8H6zu9EvmL5sRtFpDMF""}]","23y9HSyRewnGIx7vZVZhnq"
"5cAd6WOG1zVNQ2KDCOLtuf","For Tonight","84","193821","spotify:track:61Emqg95O9zo1GNOcyxq4Y","[{""S"":""4fxd5Ee7UefO4CUXgwJ7IP""}]","61Emqg95O9zo1GNOcyxq4Y"
"0hNK1V7xzigl41liZTk4XU","CULT","53","280500","spotify:track:1P5pnfWEcH0qUICxrCF4Kl","[{""S"":""2T6EOVQ5lAQc64poyLnXmj""},{""S"":""7wSfJLfPWSahg3J5SeVr4z""},{""S"":""0sc5zYshOdiFD4ayqMrJbJ""},{""S"":""0pltaFx5l05YFrswlNEafU""},{""S"":""6CGyB4PAg5rEyzeGumZrjr""},{""S"":""3FBvF7C8P5IztMR7Mbxc3X""},{""S"":""1DN9Pgv4fiAaRSSgiisj5G""}]","1P5pnfWEcH0qUICxrCF4Kl"
"3REUXdj5OPKhuDTrTtCBU0","Jump - 2015 Remaster","80","241599","spotify:track:7N3PAbqfTjSEU1edb2tY8j","[{""S"":""2cnMpRsOVqtPMfq7YiFE6K""}]","7N3PAbqfTjSEU1edb2tY8j"
"6VJOdsTzvm63vr6yxjyQ5R","Offset","54","160893","spotify:track:5ceKUw0jDVGxsdCIuOn5Hs","[{""S"":""220xv2aB3dsGxaJI1gGs7l""}]","5ceKUw0jDVGxsdCIuOn5Hs"
"2y9DFhTWC7QQJMvygK0TzO","Drink Had Me","61","156200","spotify:track:4KOEQ1VPa1Ri5PWT1h84jt","[{""S"":""77kULmXAQ6vWer7IIHdGzI""}]","4KOEQ1VPa1Ri5PWT1h84jt"
"189KwM8kcvIxFaV2xRjgkE","Margiela Man","51","173900","spotify:track:5iGjfiQQIWPRhIu0OgBhSc","[{""S"":""0bZ9jANLkwEFVcSnHnwrpb""},{""S"":""5SyGEPymt1G2uto47tVWvZ""}]","5iGjfiQQIWPRhIu0OgBhSc"
"5Nnd51BWrdzEI2xTkTvjQ4","Getting Over Him","71","167678","spotify:track:0OCY4cY7ZhmFMLR8Zipb51","[{""S"":""1v3tdpIdBSW14rHUfiEVOv""},{""S"":""4MoAOfV4ROWofLG3a3hhBN""}]","0OCY4cY7ZhmFMLR8Zipb51"
"61rLv4iz256rZ5ZliRWsDz","Think About That","65","231280","spotify:track:0ZKJTquGSbkNpgTlQBWXAD","[{""S"":""7io3MyhMxDZoBYXp4rlRFA""}]","0ZKJTquGSbkNpgTlQBWXAD"
"3WOFt4KvKhIeHN4fckCf5y","Damn Strait","58","230226","spotify:track:4jp9FimhP2bQ93vR0A5r7b","[{""S"":""6ZV6lGY0prbqpTD0Md8i29""}]","4jp9FimhP2bQ93vR0A5r7b"
"7vpnEUNzrjOPKLnte8MTYd","Love Like","55","190680","spotify:track:6rdmyLJtIibFRaCU7XRg3x","[{""S"":""1456WwI15Lm9CktCzkLZvm""}]","6rdmyLJtIibFRaCU7XRg3x"
"0LraopRSleOCQfguKnbfjp","Never Say Never","54","140000","spotify:track:5m6nfyWGLMBFRVKWE5www0","[{""S"":""220xv2aB3dsGxaJI1gGs7l""}]","5m6nfyWGLMBFRVKWE5www0"
"6o58I8nVfoDw0MGhpG6amS","Luigi (feat. Chief Keef)","58","201363","spotify:track:2LvbYwfsRvGYnRytG573iW","[{""S"":""4mkjpWbFO45SyaHiM9GOVE""},{""S"":""15iVAtD3s3FsQR4w1v6M0P""}]","2LvbYwfsRvGYnRytG573iW"
"6SEeNB2xGW1kmysKSvWYqC","Me or Sum (feat. Future & Lil Baby)","75","225664","spotify:track:1qlh1WxuWilyIWRwdsKMuJ","[{""S"":""0Njy6yR9LykNKYg9yE23QN""},{""S"":""1RyvyyTE3xzB2ZywiAwp0i""},{""S"":""5f7VJjfbwm532GiveGC0ZK""}]","1qlh1WxuWilyIWRwdsKMuJ"
"2o2G49EPi4lua5zgxUKhLL","Summer Of '69","82","216053","spotify:track:0GONea6G2XdnHWjNZd6zt3","[{""S"":""3Z02hBLubJxuFJfhacLSDc""}]","0GONea6G2XdnHWjNZd6zt3"
"7cuwWzS0oiApEt2fpKafkX","Need You Tonight","67","180517","spotify:track:5eU8qMd0TpaLqTGDZJaLDs","[{""S"":""1eClJfHLoDI4rZe5HxzBFv""}]","5eU8qMd0TpaLqTGDZJaLDs"
"2y9DFhTWC7QQJMvygK0TzO","Buy Dirt","82","167480","spotify:track:69AIpwGNLxr4qS1X5ynx60","[{""S"":""77kULmXAQ6vWer7IIHdGzI""},{""S"":""0BvkDsjIUla7X0k6CSWh1I""}]","69AIpwGNLxr4qS1X5ynx60"
"6d4dgGamepehj0WwsYXTKi","Rock You Like A Hurricane","null","252493","spotify:track:0XIvZ82aDF7JiSi3ZE320u","[{""S"":""27T030eWyCQRmDyuvr1kxY""}]","0XIvZ82aDF7JiSi3ZE320u"
"2lXLpWHnaECoCGM4PrpZck","Not One of Dem","53","129914","spotify:track:6YaqOWXEVjjsGmT00UEb2y","[{""S"":""0bZ9jANLkwEFVcSnHnwrpb""}]","6YaqOWXEVjjsGmT00UEb2y"
"64yqSFX8tX8XYrVbtXsfgu","Know Better","64","199436","spotify:track:2YCDVu4FofMFvSJt5Vggu2","[{""S"":""7FGjkq9WfrRmBFL64ST0p9""}]","2YCDVu4FofMFvSJt5Vggu2"
"06nzu940k6jhkJ5TacM6y5","Rent Free","72","202824","spotify:track:1NKilzEyipTC34AHEMnKAl","[{""S"":""4IVAbR2w4JJNJDDRFP3E83""}]","1NKilzEyipTC34AHEMnKAl"
"7ybbB8Uxj5l9Ozb8sau2X4","Suspect","51","140969","spotify:track:12M1ae4LMgttTZh1Qeg8BS","[{""S"":""44IvvHRk2XF243QLA2VOa8""}]","12M1ae4LMgttTZh1Qeg8BS"
"4z7Jc8pz7ZfLcd4Ldaosxt","No Vaccine","40","123076","spotify:track:5wCKgaHeNlDKXLbV4tJ8P3","[{""S"":""3o6rIhI1Ahunc62U1tx6tg""}]","5wCKgaHeNlDKXLbV4tJ8P3"
"5vRzph0Ou5S6eUYvmjg4pB","Murda","58","161024","spotify:track:0r4a2v0RdpnOUc6Rjy9Zsb","[{""S"":""2eqoJbzUGDwys5ENUkbT3h""}]","0r4a2v0RdpnOUc6Rjy9Zsb"
"622NFw5Yk0OReMJ2XWcXUh","INDUSTRY BABY (feat. Jack Harlow)","96","212000","spotify:track:27NovPIUIRrOZoCHxABJwK","[{""S"":""7jVv8c5Fj3E9VhNjxT4snq""},{""S"":""2LIk90788K0zvyj2JJVwkJ""}]","27NovPIUIRrOZoCHxABJwK"
"4h4ZmlKntuJzWox0Ci3Q0i","Made","65","195459","spotify:track:4G644pINN0ZYIxyqeyuT4b","[{""S"":""6to2NJmRWY1h7rLU4c9TyG""}]","4G644pINN0ZYIxyqeyuT4b"
"5MCXOrCsU3R1xQ3kLI4oXM","Beers On Me","75","174680","spotify:track:19ZzEzb4BVK1wVO4brrmZz","[{""S"":""7x8nK0m0cP2ksQf0mjWdPS""},{""S"":""0C86lmpnwiyLDUiyo4d0P1""},{""S"":""5QNm7E7RU2m64l6Gliu8Oy""}]","19ZzEzb4BVK1wVO4brrmZz"
"3I9Z1nDCL4E0cP62flcbI5","Paradise City","80","405640","spotify:track:3YBZIN3rekqsKxbJc9FZko","[{""S"":""3qm84nBOXUEQ2vnTfUTTFC""}]","3YBZIN3rekqsKxbJc9FZko"
"3fejbCL8FwsjIFIy3pSr5R","Memorize You","53","195253","spotify:track:0B4wrbEkwDAyODIQibCapX","[{""S"":""2e4sMCgdXD5TkFquoTEA4j""}]","0B4wrbEkwDAyODIQibCapX"
"2t0AfNqhtlMnjFxbTzmPqO","Poison","73","162631","spotify:track:7M4fSXTAUQih72cf0FbMgA","[{""S"":""0urTpYCsixqZwgNTkPJOJ4""},{""S"":""1Xyo4u8uXC1ZmMpatF05PJ""}]","7M4fSXTAUQih72cf0FbMgA"
"1kOaVGctTkxEkK6b3sUIA4","It's Nuk","39","148234","spotify:track:1gCuqZFxNtL0qZ9ziAesvt","[{""S"":""0PUh7TSiwhSf0xL0b6SLXH""}]","1gCuqZFxNtL0qZ9ziAesvt"
"3KMVYpwDlacmodnccUK3bb","I'm The One","41","168272","spotify:track:44T0AhTa6pkc4mEqUGta1s","[{""S"":""0wHeZY93Ede0g1jXaWsiFS""}]","44T0AhTa6pkc4mEqUGta1s"
"11oR0ZuqB3ucZwb5TGbZxb","Fight For Your Right","71","208653","spotify:track:5NLuC70kZQv8q34QyQa1DP","[{""S"":""03r4iKL2g2442PT9n2UKsx""}]","5NLuC70kZQv8q34QyQa1DP"
"0pTj7z7TG1Uu8LT1upuwep","Greed (feat. Lil Yachty)","63","96133","spotify:track:2AhAhd9BiyydtKq2hMdb7Q","[{""S"":""5tQMB0cuNXdCtzovGt55uD""},{""S"":""6icQOAFXDZKsumw3YXyusw""}]","2AhAhd9BiyydtKq2hMdb7Q"
"6HdTNPRlwtDDtCP52wfc9l","Spend It","56","189757","spotify:track:3hJmvCJQE7crXKhxGVPT3E","[{""S"":""5jJjvmEwRr8epuGZq4eUUa""}]","3hJmvCJQE7crXKhxGVPT3E"
"5D8Rdb09BkmHscEGSWAlA6","Cold Heart - PNAU Remix","96","202735","spotify:track:6zSpb8dQRaw0M1dK8PBwQz","[{""S"":""3PhoLpVuITZKcymswpck5b""},{""S"":""6M2wZ9GZgrQXHCFfjv46we""},{""S"":""6n28c9qs9hNGriNa72b26u""}]","6zSpb8dQRaw0M1dK8PBwQz"
"5gHs4xLkr2g66PRNsvSh83","Bet","62","142426","spotify:track:504JCx3dJov6Fi5083r4Hb","[{""S"":""6FqXAd1hQl7vVdIQ3hhtgc""}]","504JCx3dJov6Fi5083r4Hb"
"2XsHBnztVhvDm8D8iBtlUI","Wocky My Lover","55","159312","spotify:track:0Cj4WjZVyrLeSJwOsJ80bB","[{""S"":""78GdFYPETzCgutsc5O5COH""},{""S"":""6icQOAFXDZKsumw3YXyusw""}]","0Cj4WjZVyrLeSJwOsJ80bB"
"6Hz60yvlonoL9NJxKA2u15","CAUTIOUS","65","145121","spotify:track:5qF7knZoOT4pPq6A7xlOSw","[{""S"":""46HzS7yz0c9udVwtbHk1sx""}]","5qF7knZoOT4pPq6A7xlOSw"
"2dRiCtzyR2XKR4mwwU370t","You Got a Small Town","68","178453","spotify:track:0uxbkVqzKkxeVszRa0LFnb","[{""S"":""5xF3SekjB3b2VO0FKN3K0A""}]","0uxbkVqzKkxeVszRa0LFnb"
"5vBZRYu2GLA65nfxBvG1a7","Where The Streets Have No Name - Remastered","57","336613","spotify:track:7h1YqA5MZrRxmkUFpukRcp","[{""S"":""51Blml2LZPmy7TTiAg47vQ""}]","7h1YqA5MZrRxmkUFpukRcp"
"76vpmS3ZCGm4hN8QtbnedX","Come For Me (Unlocked) (feat. Khalid & Lucky Daye)","67","209853","spotify:track:0GDTDoQIJPk8zKBK4r1pzK","[{""S"":""3DiDSECUqqY1AuBP8qtaIa""},{""S"":""6LuN9FCkKOj5PcnpouEgny""},{""S"":""5Vuvs6Py2JRU7WiFDVsI7J""}]","0GDTDoQIJPk8zKBK4r1pzK"
"7nu8OEPa5DAowWJvgbUlKV","it's a monday","46","142837","spotify:track:2oet8fj6MIOn8k1hc3G3Ob","[{""S"":""7J0hrNYCO5DgAx0XaRJqkh""}]","2oet8fj6MIOn8k1hc3G3Ob"
"0mDZswykT2LDXe3YGWZgbc","Good Morning Gorgeous","64","174728","spotify:track:77z6mJeFcHlRWVfbOdBCtc","[{""S"":""1XkoF8ryArs86LZvFOkbyr""}]","77z6mJeFcHlRWVfbOdBCtc"
"5IdxyA4s48j99gdMI3vB8Q","All Night","57","143392","spotify:track:00M4nXSbx8r50N3pk9SHoc","[{""S"":""4dcnHUWXWZAHfA8FvQBtJS""}]","00M4nXSbx8r50N3pk9SHoc"
"39McjovZ3M6n5SFtNmWTdp","My Universe","93","228000","spotify:track:3FeVmId7tL5YN8B7R3imoM","[{""S"":""4gzpq5DPGxSnKTe4SA8HAU""},{""S"":""3Nrfpe0tUJi4K4DXYWgMUX""}]","3FeVmId7tL5YN8B7R3imoM"
"3rMjL8NA5Wh2hbMNk2fSlY","good 4 u","34","178147","spotify:track:6PERP62TejQjgHu81OHxgM","[{""S"":""1McMsnEElThX1knmY4oliG""}]","6PERP62TejQjgHu81OHxgM"
"6uWWkRv3qKdFcFyayL1Vw4","Slow Down Summer","73","216764","spotify:track:1fff5nZGyRJtFLkOrSSwOU","[{""S"":""6x2LnllRG5uGarZMsD4iO8""}]","1fff5nZGyRJtFLkOrSSwOU"
"278z9UXJaMNDH9Bel9uAxV","The Motto","92","164818","spotify:track:18asYwWugKjjsihZ0YvRxO","[{""S"":""2o5jDhtHVPhrJdv3cEQ99Z""},{""S"":""4npEfmQ6YuiwW1GpUmaq3F""}]","18asYwWugKjjsihZ0YvRxO"
"7rMux0Or1QJ7PW6AAm25D4","Can't Do Without Me","59","201146","spotify:track:6Wy1WU6nkioVn681Rom3SP","[{""S"":""5ujvZU2thXjZgFKPUt1rDt""},{""S"":""4lpA7MWpQpY7hKkwfLxw2Q""}]","6Wy1WU6nkioVn681Rom3SP"
"2y1UeJQy95zVxN8Y6IjUck","It's The End Of The World As We Know It (And I Feel Fine)","52","246973","spotify:track:2abfaXRfvXr9ErmI8oqz4g","[{""S"":""4KWTAlx2RvbpseOGMEmROg""}]","2abfaXRfvXr9ErmI8oqz4g"
"09m8euGboz6XzRCjsf9ezz","Man Down","58","177463","spotify:track:2XR0Ou0pDaQ2bmVMsG90qe","[{""S"":""15ZjD8Gus20Miqw3fdOaXX""}]","2XR0Ou0pDaQ2bmVMsG90qe"
"5KsduyvZorQ3RjJTZA8In9","Present","73","156376","spotify:track:6RBfz4bNLNzvt37HycN1Xf","[{""S"":""6LuN9FCkKOj5PcnpouEgny""}]","6RBfz4bNLNzvt37HycN1Xf"
"6lheAtw3IcJvflIhLbykih","love nwantiti (ah ah ah)","93","145800","spotify:track:2Xr1dTzJee307rmrkt8c0g","[{""S"":""048LktY5zMnakWq7PTtFrz""}]","2Xr1dTzJee307rmrkt8c0g"
"5YvxEnP5o1gFq3tynqsPBf","WOKEUPTHINKINBOUT","58","154291","spotify:track:3HpRwCE2XIB9u1VXj5R6T9","[{""S"":""2rwALQ1SXdfUWPUd6WOfYS""}]","3HpRwCE2XIB9u1VXj5R6T9"
"0XBvpjHN9Ljrta2iJWw3KR","Iffy","76","173549","spotify:track:3kfqYE0jGONOrkVpkPPOd5","[{""S"":""7bXgB6jMjp9ATFy66eO08Z""}]","3kfqYE0jGONOrkVpkPPOd5"
"5T9VoZ9HYeDUhlr7NTjHfH","24","54","183033","spotify:track:520NKSFkKbELWUV5XQfIG9","[{""S"":""6bXNUXv0KrjvuDVs8skKc7""}]","520NKSFkKbELWUV5XQfIG9"
"7pZWY6EqOlAZnYNW949KbJ","Take It Slow","59","162586","spotify:track:3CC2sCo30DhwOwGI4NN30I","[{""S"":""0y2FPygoi6LVc75pxCgsMk""}]","3CC2sCo30DhwOwGI4NN30I"
"3R61ViOGcEiAk1mkBQMhy4","Know My Way Around","52","174078","spotify:track:5CtXnj47Mr0ZXGjTbnd7Aj","[{""S"":""3lkwNhvm2fbh4q8CIe47n3""}]","5CtXnj47Mr0ZXGjTbnd7Aj"
"1txWLNMKiZ5K6ezFMtyjLM","7500 OBO","70","221400","spotify:track:7A4WmJcWx6KrVRfQ2CP8e7","[{""S"":""6roFdX1y5BYSbp60OTJWMd""}]","7A4WmJcWx6KrVRfQ2CP8e7"
"21jF5jlMtzo94wbxmJ18aa","Oh My God","92","225148","spotify:track:3Kkjo3cT83cw09VJyrLNwX","[{""S"":""4dpARuHxo51G3z768sgnrY""}]","3Kkjo3cT83cw09VJyrLNwX"
"6BTeOKDYTNW0fTKmf2uROH","AIN'T MY FAULT (feat. 42 Dugg)","59","210009","spotify:track:30An28ovHzHONcqysPKIIs","[{""S"":""6aLoJJxz7MV2iZ423S8tJC""},{""S"":""6LXRvV2OAtXF7685fzh3mj""},{""S"":""45gHcnDnMC15sgx3VL7ROG""}]","30An28ovHzHONcqysPKIIs"
"0qI3s1Bbvq8En1KWpJ4qVy","Just Drive","71","147693","spotify:track:6JSH36hKFusIabTu1egYO5","[{""S"":""5TtSGhhCPt56x4ZPfg7DFq""}]","6JSH36hKFusIabTu1egYO5"
"5itVTi6rI3MlOcWBxROxd9","When I’m Gone (with Katy Perry)","85","161266","spotify:track:5902W4uHWzhtOff1UK7the","[{""S"":""4AVFqumd2ogHFlRbKIjp1t""},{""S"":""6jJ0s89eD6GaHleKKya26X""}]","5902W4uHWzhtOff1UK7the"
"4lPqFAvgmG97pxyxQsyCQx","Unloyal (with Ari Lennox)","72","207294","spotify:track:081Shn2hU3YxvQmGaCPegr","[{""S"":""57LYzLEk2LcFghVwuWbcuS""},{""S"":""1vaQ6v3pOFxAIrFoPrAcom""}]","081Shn2hU3YxvQmGaCPegr"
"7AwrgenNcTAJlJF3pKL0Qr","Chosen (feat. Ty Dolla $ign)","84","161684","spotify:track:1dIWPXMX4kRHj6Dt2DStUQ","[{""S"":""4qXC0i02bSFstECuXP2ZpL""},{""S"":""5LHRHt1k9lMyONurDHEdrp""},{""S"":""7c0XG5cIJTrrAgEC3ULPiq""}]","1dIWPXMX4kRHj6Dt2DStUQ"
"3Pm0LABzgq730cCRhayUTw","Nothing Feels Better","72","157779","spotify:track:5tmxPmmXvgJPU7bIukFX8p","[{""S"":""1W7FNibLa0O0b572tB2w7t""}]","5tmxPmmXvgJPU7bIukFX8p"
"2iQMcX4Rm7wNAuAR7ArUxS","Talk My Shit","49","149903","spotify:track:3dRO3kKkuYX80XTzvnIhHN","[{""S"":""7kwCkEJ384PWm0UQW3hxjS""}]","3dRO3kKkuYX80XTzvnIhHN"
"1yjrtwm2ru1qPGBPBUDE0x","No Hard Feelings","64","191360","spotify:track:3YaycOQk7PoQpl7YdvmWdX","[{""S"":""6y8XlgIV8BLlIg1tT1R10i""}]","3YaycOQk7PoQpl7YdvmWdX"
"2bq2AWRXRUHeMxyNBrmDK7","Big Homie","46","158003","spotify:track:5nvJqSfTbrj7PB0knBAN84","[{""S"":""3IE9OtMFMZFj8CEgflFlPw""},{""S"":""12lHTAdc9T204lw5qPtasv""}]","5nvJqSfTbrj7PB0knBAN84"
"3pZ6D15onAaT2YyiTbcHmh","Separate Ways (Worlds Apart)","56","323666","spotify:track:1pTw2cNrp9L3esxLAvWnN2","[{""S"":""0rvjqX7ttXeg3mTy8Xscbt""}]","1pTw2cNrp9L3esxLAvWnN2"
"3497MUjpGLcslVVb9ZeteM","New Truck","71","174360","spotify:track:4MDYIbU6I29Gjiu7JATTIJ","[{""S"":""78YqeIji3mgAS2K1Maca6x""}]","4MDYIbU6I29Gjiu7JATTIJ"
"2A5ksnhz7YWbRLvFMjX1j1","Pepas","94","287120","spotify:track:5fwSHlTEWpluwOM0Sxnh5k","[{""S"":""329e4yvIujISKGKz1BZZbO""}]","5fwSHlTEWpluwOM0Sxnh5k"
"5ziOhUaVaCaqr7akzvLndn","Real Wild Child (Wild One)","null","218400","spotify:track:4blsgJTKfFehcYdPvPkNoM","[{""S"":""33EUXrFKGjpUSGacqEHhU4""}]","4blsgJTKfFehcYdPvPkNoM"
"1qfeSZwjjTa2pU1zW6Mndk","5 Percent","55","110090","spotify:track:5yRA5qmT2zOP5DTfCONS6Z","[{""S"":""1N3U83dsU5JDoKi67D1uZz""}]","5yRA5qmT2zOP5DTfCONS6Z"
"15XNBzVWARPMlu0sEbfBjJ","Start Me Up - Remastered 2009","78","213066","spotify:track:7HKez549fwJQDzx3zLjHKC","[{""S"":""22bE4uQ6baNwSHPVcDxLCe""}]","7HKez549fwJQDzx3zLjHKC"
"6bpCbQ5GTNZ9IE1nvJ0zQA","Doin' This","78","254181","spotify:track:4GyD3o5hWoyCuYpdlzZlRL","[{""S"":""718COspgdWOnwOFpJHRZHS""}]","4GyD3o5hWoyCuYpdlzZlRL"
"4N8qhDeqx8AHoEhMnYEC2Y","Have Mercy","82","148778","spotify:track:5SixeLvPsYpk7qq9lo5xYg","[{""S"":""1FtBEIWAwvw5ymBen5GICR""}]","5SixeLvPsYpk7qq9lo5xYg"
"6r3kyA8HungIaSRs7CVtqW","Feeling Down (feat. NoCap)","54","194000","spotify:track:4BKN3EPTN0HVte4s59dj68","[{""S"":""0yMuWrw3m4KacxLCpFQW9w""},{""S"":""4PNHuWkk4ee6R8WEhFVPf5""}]","4BKN3EPTN0HVte4s59dj68"
"6MvTQRabVe8qICh8LDnEuC","Can't Contain (feat. Young Nudy)","52","252000","spotify:track:3ErjMuP1DQSb5t7Cgw2skD","[{""S"":""5sw4vau0N1fwalr2ACVN9M""},{""S"":""5yPzzu25VzEk8qrGTLIrE1""}]","3ErjMuP1DQSb5t7Cgw2skD"
"5g9wAOfzvkf7piGN5EiFKZ","FINDERS KEEPERS (feat. Scorey & Internet Money)","70","127826","spotify:track:3kCLRQ1HwXVj0sZA0G7MnG","[{""S"":""46fHMu9KxdQwcGV9xI1L9R""},{""S"":""0X3nsc84A9qlFilmlWNwQb""},{""S"":""6MPCFvOQv5cIGfw3jODMF0""}]","3kCLRQ1HwXVj0sZA0G7MnG"
"3og8X1LYiVq3nPdMxpM9Wb","'Til You Can't","77","224213","spotify:track:4k3lPl8YTKuY8c1HelVnm3","[{""S"":""6zLBxLdl60ekBLpawtT63I""}]","4k3lPl8YTKuY8c1HelVnm3"
"5d71Imt5CIb7LpQwDMQ093","Runnin' Down A Dream","66","292000","spotify:track:4AiMaeCXwsldpwvA5wu5gM","[{""S"":""2UZMlIwnkgAEDBsw1Rejkn""}]","4AiMaeCXwsldpwvA5wu5gM"
"5MIneHJL5RBzBXz5qMIAj4","I Really (feat. 42 Dugg & Moneybagg Yo)","53","191926","spotify:track:3HKBz579v0gkyUkANPsNFT","[{""S"":""220xv2aB3dsGxaJI1gGs7l""},{""S"":""45gHcnDnMC15sgx3VL7ROG""},{""S"":""3tJoFztHeIJkJWMrx0td2f""}]","3HKBz579v0gkyUkANPsNFT"
"1bTgKomQYSkKYPD9UI9W4b","Enemy (with JID) - from the series Arcane League of Legends","98","173381","spotify:track:1r9xUipOqoNwggBpENDsvJ","[{""S"":""53XhwfbYqKCa1cC15pYq2q""},{""S"":""6U3ybJ9UHNKEdsH7ktGBZ7""},{""S"":""57nPqD7z62gDdq37US9XJR""},{""S"":""47mIJdHORyRerp4os813jD""}]","1r9xUipOqoNwggBpENDsvJ"
"1b6svBmo0eVcAIfhOSmf71","With A Woman You Love","59","167375","spotify:track:20WKHeDTmtU0Zj4sNB8aoA","[{""S"":""30e8DmahrEamvLbFRPdWmk""}]","20WKHeDTmtU0Zj4sNB8aoA"
"3gNuY9GJCmvKpTx6v3ZPaa","Get Back","60","109852","spotify:track:7hN02og1TARl5EER4wURPb","[{""S"":""4yTmEo2clwWq2jwelvqgVv""}]","7hN02og1TARl5EER4wURPb"
"1nAQbHeOWTfQzbOoFrvndW","Need to Know","93","210560","spotify:track:3Vi5XqYrmQgOYBajMWSvCi","[{""S"":""5cj0lLjcoR7YOSnhnX0Po5""}]","3Vi5XqYrmQgOYBajMWSvCi"
"3REUXdj5OPKhuDTrTtCBU0","Panama - 2015 Remaster","74","210226","spotify:track:05RgAMGypEvqhNs5hPCbMS","[{""S"":""2cnMpRsOVqtPMfq7YiFE6K""}]","05RgAMGypEvqhNs5hPCbMS"
"6tUQPKlpR4x1gjrXTtOImI","abcdefu","100","168601","spotify:track:4fouWK6XVHhzl78KzQ1UjL","[{""S"":""2VSHKHBTiXWplO8lxcnUC9""}]","4fouWK6XVHhzl78KzQ1UjL"
"1U49zFUoaDyVPjGVeKcmbk","Memories","61","164565","spotify:track:3S4gq91XRuohTTfJZAiGVK","[{""S"":""7e1ICztHM2Sc4JNLxeMXYl""},{""S"":""7c0XG5cIJTrrAgEC3ULPiq""}]","3S4gq91XRuohTTfJZAiGVK"
"1ZH5g1RDq3GY1OvyD0w0s2","Should I Stay or Should I Go - Remastered","81","188986","spotify:track:39shmbIHICJ2Wxnk1fPSdz","[{""S"":""3RGLhK1IP9jnYFH4BRFJBS""}]","39shmbIHICJ2Wxnk1fPSdz"
"566YUUlXUHUdv98SJKo0Os","Doctor (feat. Lil Tjay)","58","167058","spotify:track:5Xks4meWbkd8vjWsxqYeNF","[{""S"":""220xv2aB3dsGxaJI1gGs7l""},{""S"":""6jGMq4yGs7aQzuGsMgVgZR""}]","5Xks4meWbkd8vjWsxqYeNF"
"2nLOHgzXzwFEpl62zAgCEC","Is There Someone Else?","89","199111","spotify:track:0mL82sxCRjrs3br407IdJh","[{""S"":""1Xyo4u8uXC1ZmMpatF05PJ""}]","0mL82sxCRjrs3br407IdJh"
"1ZH5g1RDq3GY1OvyD0w0s2","Rock the Casbah - Remastered","73","222426","spotify:track:56KqaFSGTb7ifpt16t5Y1N","[{""S"":""3RGLhK1IP9jnYFH4BRFJBS""}]","56KqaFSGTb7ifpt16t5Y1N"
"6MJPvYn6Xw3PIwUMyNXpS7","Rocc Climbing (feat. Lil Yachty)","76","175877","spotify:track:5bBzkJE9BqYTL27webAUCw","[{""S"":""65s98MYZ4xFpgKlUYS5XKw""},{""S"":""6icQOAFXDZKsumw3YXyusw""}]","5bBzkJE9BqYTL27webAUCw"
"2nLOHgzXzwFEpl62zAgCEC","Sacrifice","93","188918","spotify:track:1nH2PkJL1XoUq8oE6tBZoU","[{""S"":""1Xyo4u8uXC1ZmMpatF05PJ""}]","1nH2PkJL1XoUq8oE6tBZoU"
"5iZytG7j5DDp9RlsmkGI97","MONTERO (Call Me By Your Name)","10","137875","spotify:track:3BZEcbdtXQSo7OrvKRJ6mb","[{""S"":""7jVv8c5Fj3E9VhNjxT4snq""}]","3BZEcbdtXQSo7OrvKRJ6mb"
"63WJUkOUzblbgJ5AK5eb27","Wrecked","52","168743","spotify:track:06eu1Ntmqj1XQT7kspc0mN","[{""S"":""4JMY9dX6C0SYxm1YEGAEky""}]","06eu1Ntmqj1XQT7kspc0mN"
"6MuWCR3WPjwyKhqsTKLZ3z","Infinity","94","237720","spotify:track:1SOClUWhOi8vHZYMz3GluK","[{""S"":""6QrQ7OrISRYIfS5mtacaw2""}]","1SOClUWhOi8vHZYMz3GluK"
"0bflVbQQISnuMdv5KjVPHB","Love Talking","57","173131","spotify:track:5kFLWyiAXjYrecLHnR7bTk","[{""S"":""6eKWqnckwdIlSnjaYgIyxv""}]","5kFLWyiAXjYrecLHnR7bTk"
"4U7gKEk4Q7fdNPTdhobpRq","Never Fail (with Benny The Butcher)","60","200800","spotify:track:0myEYpzyBetSo4tgKs7oUx","[{""S"":""44vREmJC0OlVZjZaGLqVEd""},{""S"":""5Matrg5du62bXwer29cU5T""}]","0myEYpzyBetSo4tgKs7oUx"
"5b0iGcVPztBLsWRo2lc6Fc","Beautiful","65","186720","spotify:track:5n7vs4XFi3JWZLJpcxLthV","[{""S"":""64WnGi9H0Xc2RCGbjYAFd5""},{""S"":""2SJhf6rTOU53g8yBdAjPby""}]","5n7vs4XFi3JWZLJpcxLthV"
"2pkv3nrNrwtUdT8VNWwt5U","I Hate Myself for Loving You","70","246800","spotify:track:2HXixVqzzm9rEUIMAWzshl","[{""S"":""1Fmb52lZ6Jv7FMWXXTPO3K""}]","2HXixVqzzm9rEUIMAWzshl"
"0rH6itQHqD6Xd7gLRYxdw4","Lost My Heartbreak","66","157213","spotify:track:5fjoMV6IwPKFsmm0LQuv0m","[{""S"":""3PO1jRVb0lsv2140VTXOQo""}]","5fjoMV6IwPKFsmm0LQuv0m"
"1YtxPcwSI5vt4uBFfRbsiu","Jump Out (feat. Hotboy Wes)","55","178013","spotify:track:3W4YwvwzqDqcnUrfF2sDfO","[{""S"":""2ZF0d4lkHLE6MIbVmpN6nN""},{""S"":""2Lgyk37aJufoDDSoU4S5nO""}]","3W4YwvwzqDqcnUrfF2sDfO"
"2t4UTpa53ALkISHhiKrEtv","With Or Without You - Remastered","56","295515","spotify:track:4ha9ajL4Kz98uldAfuos6p","[{""S"":""51Blml2LZPmy7TTiAg47vQ""}]","4ha9ajL4Kz98uldAfuos6p"
"5C6SZng9isd7hGZshc7RtX","Get Back (feat. Chris Brown)","70","222168","spotify:track:74CjepodJooOCQkrGCwE4C","[{""S"":""20s0P9QLxGqKuCsGwFsp7w""},{""S"":""7bXgB6jMjp9ATFy66eO08Z""}]","74CjepodJooOCQkrGCwE4C"
"5DMfgmlbRD0HeUi5QQgOAD","Is Ya Ready","68","124513","spotify:track:0KUwCOylcgcDfSyuYNEe3a","[{""S"":""2AMeiDbfU2vonrTkpXDKUu""}]","0KUwCOylcgcDfSyuYNEe3a"
"1UUOBzIHw0noiRGRpbt3sz","Runaway","72","230666","spotify:track:0X1sqQ652p1sceKM2nJlIJ","[{""S"":""58lV9VcRSjABbAbfWS6skp""}]","0X1sqQ652p1sceKM2nJlIJ"
"3nD5gS9oxfsp4JjpmcO41B","Get That All The Time (feat. Mitchell Tenpenny)","53","178433","spotify:track:3hfEwSKgFMMhZJBaPpR41e","[{""S"":""5dMnvpYEfXvSexjwnSRH5n""},{""S"":""1p6CdzJRoicjRcSdWoB9Qc""}]","3hfEwSKgFMMhZJBaPpR41e"
"1llat1Rc2C5UKq6G6bSU51","Heavyweight","49","217813","spotify:track:4VjFgo853p4of6maSkmjfB","[{""S"":""1LCsAfmP4l13EYtzDaLMAg""}]","4VjFgo853p4of6maSkmjfB"
"28wKxlJocWCrrxUgYC2zEQ","LOST YOU (screwed not chopped)","58","265676","spotify:track:2kJijusZZbCWGbjTe5afS1","[{""S"":""1A9o3Ljt67pFZ89YtPPL5X""}]","2kJijusZZbCWGbjTe5afS1"
"1nAQbHeOWTfQzbOoFrvndW","Woman","95","172626","spotify:track:6Uj1ctrBOjOas8xZXGqKk4","[{""S"":""5cj0lLjcoR7YOSnhnX0Po5""}]","6Uj1ctrBOjOas8xZXGqKk4"
"3AocIGXpIRlNgd2BSoETUH","Dear God (feat. Kevin Gates)","74","181714","spotify:track:1oPdIqXhjswpTnA5PPQs0K","[{""S"":""1l39BupEDqsioWGVDXluVG""},{""S"":""1gPhS1zisyXr5dHTYZyiMe""}]","1oPdIqXhjswpTnA5PPQs0K"
"0kBfgEilUFCMIQY5IOjG4t","Wanted Dead Or Alive","76","308666","spotify:track:0oerlffJSzhRVvtDfLcp3N","[{""S"":""58lV9VcRSjABbAbfWS6skp""}]","0oerlffJSzhRVvtDfLcp3N"
"6aGfK3YpRxZ1rJfaNRckLH","Crazy Train","5","296200","spotify:track:2b9lp5A6CqSzwOrBfAFhof","[{""S"":""6ZLTlhejhndI4Rh53vYhrY""}]","2b9lp5A6CqSzwOrBfAFhof"
"5RB5wkvts1gXIiDwRa8WQL","Wild Side (feat. Cardi B)","22","209476","spotify:track:4XkrlDVc8UQUvsyRsxvU0M","[{""S"":""2cWZOOzeOm4WmBJRnD5R7I""},{""S"":""4kYSro6naA4h99UJvo89HB""}]","4XkrlDVc8UQUvsyRsxvU0M"
"5S4ajU7zbtGShTIECSpqRO","Do I Ever (feat. Chris Brown)","67","190056","spotify:track:4rvzmiYWfzfQ3tnXEt1KQv","[{""S"":""756t7CBmWLNYsshVtS6P44""},{""S"":""7bXgB6jMjp9ATFy66eO08Z""}]","4rvzmiYWfzfQ3tnXEt1KQv"
"4HvGqNLGMecrxpdKoAznvz","Breaking Every Heart In Texas","49","206178","spotify:track:4hJYNs2uklbeUle7SWit80","[{""S"":""24I45QsPZf5Gr7aVlVmTfr""}]","4hJYNs2uklbeUle7SWit80"
"2MeNs8IOs7udC2CuiFKmlZ","Circles Around This Town","74","195760","spotify:track:13G5xv1wUKvJYbK0wYmioN","[{""S"":""6WY7D3jk8zTrHtmkqqo5GI""}]","13G5xv1wUKvJYbK0wYmioN"
"6AOh6aXLoWxFlbfh9xPvZ2","Want That Back","68","193693","spotify:track:64n7p9bHvB2OMksxeUyQi1","[{""S"":""0qSX3s5pJnAlSsgsCne8Cz""}]","64n7p9bHvB2OMksxeUyQi1"
"3dmVohUADaRH81z0AETGev","Never Wanted To Be That Girl","70","214416","spotify:track:3TuMOIzXkhKFDNHyQ7Mo8J","[{""S"":""4sIl4BTo9l9KqEi0Y3RE72""},{""S"":""371jpyGdoChzUASOIG2ECV""}]","3TuMOIzXkhKFDNHyQ7Mo8J"
"0S0r2RFucaW9kVjBtcBOV1","Blast Off","75","284870","spotify:track:5ywsqu9AEJnEJhJ05Vf9Me","[{""S"":""0du5cEVh5yTK9QJze8zA0C""},{""S"":""3jK9MiCrA42lLAdMGUZpwa""},{""S"":""6PvvGcCY2XtUcSRld1Wilr""}]","5ywsqu9AEJnEJhJ05Vf9Me"
"3sDud6BapENewYxlL8VH8r","It'll Be Okay","90","222800","spotify:track:2KnLkZ3z7PO3kgVGHGqDpD","[{""S"":""7n2wHs1TKAczGzO7Dd2rGr""}]","2KnLkZ3z7PO3kgVGHGqDpD"
"01NhUvviMytvV12pmJiDZH","Bad Habits","73","231041","spotify:track:6PQ88X9TkUIAUIZJHW2upE","[{""S"":""6eUKZXaKkcviH0Ku9w2n3V""}]","6PQ88X9TkUIAUIZJHW2upE"
"0HaY1bBhaYUEXBOSva6Pf7","Nobody But You","76","213214","spotify:track:6VFKuuqSbA1GpMEosUgTwQ","[{""S"":""2ICR2m4hOBPhaYiZB3rnLW""},{""S"":""1CoZyIx7UvdxT5c8UkMzHd""}]","6VFKuuqSbA1GpMEosUgTwQ"
"2b1FUXrlpSfYE1Y5BPYM9B","Shine","53","190747","spotify:track:4p9iGjTGqgTNks4La7tujc","[{""S"":""4IprNlQiJZUUJhDl0fL2SL""}]","4p9iGjTGqgTNks4La7tujc"
"0Tnve4bDxyiBCRaj03qO8z","Girls, Girls, Girls","72","270426","spotify:track:5xLyTbCFONUGUuG0LtUxjn","[{""S"":""0cc6vw3VN8YlIcvr1v7tBL""}]","5xLyTbCFONUGUuG0LtUxjn"
"2BAS4qtHxRitgAaHF4mLLR","OUTTAMYMIND! (feat. Lil Yachty)","55","185330","spotify:track:3vs733LJpo6r1lxMBsMYal","[{""S"":""2LakckgvXEtJlKOYP6BO11""},{""S"":""6icQOAFXDZKsumw3YXyusw""}]","3vs733LJpo6r1lxMBsMYal"
"7HlWbMlmhASeeZ61ZiHpWJ","Hit Me With Your Best Shot","73","171266","spotify:track:0vOkmmJEtjuFZDzrQSFzEE","[{""S"":""43mhFhQ4JAknA7Ik1bOZuV""}]","0vOkmmJEtjuFZDzrQSFzEE"
"2DKCodaPZGRpDuDFSIctBN","Find A Way (feat. Lil Baby & Lil Durk)","67","212520","spotify:track:4yIH4PcUVivcxNTy1ETMZ3","[{""S"":""3Y7RZ31TRPVadSFVy1o8os""},{""S"":""3hcs9uc56yIGFCSy9leWe7""},{""S"":""5f7VJjfbwm532GiveGC0ZK""}]","4yIH4PcUVivcxNTy1ETMZ3"
"0pYdfWiG4v5OhcC8LFvWrr","We're Not Gonna Take It","58","219666","spotify:track:5RHG4SQ6iJ1qQJmt3EFJCX","[{""S"":""7b85ve82Sh36a3UAx74wut""}]","5RHG4SQ6iJ1qQJmt3EFJCX"
"3B5uozvXEhL4bUzv91pqJt","Stop Coming Over","61","138818","spotify:track:0aU4TRPwmyeIp9Au0mfdJi","[{""S"":""68abRTdO4meYReMWHvBYb0""}]","0aU4TRPwmyeIp9Au0mfdJi"
"04uP1i16kH1FXkf0YUYmxk","Overseas","65","131116","spotify:track:4vs8wFsbctZBuuzJxZnmPz","[{""S"":""1GZUXd4w6cHTfoqHMrbMDZ""},{""S"":""1tG7s7S4sq2eFFW0QZyLbm""},{""S"":""6EPlBSH2RSiettczlz7ihV""}]","4vs8wFsbctZBuuzJxZnmPz"
"3mcKOl0KNe65BqiBa40WxR","Bad Medicine","70","316706","spotify:track:72hcFp4tYkd3dbNA9dZ3Pv","[{""S"":""58lV9VcRSjABbAbfWS6skp""}]","72hcFp4tYkd3dbNA9dZ3Pv"
"23enz9nXJhH1BR1Rm5CzDJ","Don't Stand So Close To Me","71","242666","spotify:track:5veJDT0MLsLbhYsx42GXUD","[{""S"":""5NGO30tJxFlKixkPSgXcFE""}]","5veJDT0MLsLbhYsx42GXUD"
"2kZyqn4Cmr78D74K9TcO4K","Meet Me At Our Spot","90","162680","spotify:track:07MDkzWARZaLEdKxo6yArG","[{""S"":""64H8UqGLbJFHwKtGxiV8OP""},{""S"":""3rWZHrfrsPBxVy692yAIxF""},{""S"":""1xoxekeb8jUVHKJB7m6bfg""}]","07MDkzWARZaLEdKxo6yArG"
"5jkwdY6jS1Hzi8epr6HW7h","Every Little Thing She Does Is Magic","75","260573","spotify:track:44aTAUBF0g6sMkMNE8I5kd","[{""S"":""5NGO30tJxFlKixkPSgXcFE""}]","44aTAUBF0g6sMkMNE8I5kd"
"553FYAh936iamVcIN0rx9F","God Took His Time On You","62","215570","spotify:track:3QaA5jdFoAvcnxhfE50vCs","[{""S"":""1WN3NClJsEUzhRjTLSpt60""}]","3QaA5jdFoAvcnxhfE50vCs"
"4p3L8B0Y6E2L8ZDWXFcHqI","Your Momma Still Does","56","157290","spotify:track:0F7Kxrd27Q1jYhnKVoWnUa","[{""S"":""5C5yczYHPeBi5PrwxfksLP""}]","0F7Kxrd27Q1jYhnKVoWnUa"
"7m5hJYb9a0sxNstIKm3PPz","AA","71","189560","spotify:track:77oKig47u34qCCFWKMfu1e","[{""S"":""7sKxqpSqbIzphAKAhrqvlf""}]","77oKig47u34qCCFWKMfu1e"
"2JJ2v7A5nR6HaYxyO2T0PX","You Didn’t","57","225813","spotify:track:5Jwcv2Le3Klwgrgyqa12ZA","[{""S"":""0fiWOxhsBsQQvFDtxUQWo0""}]","5Jwcv2Le3Klwgrgyqa12ZA"
"3SpBlxme9WbeQdI9kx7KAV","Knife Talk (with 21 Savage ft. Project Pat)","89","242965","spotify:track:2BcMwX1MPV6ZHP4tUT9uq6","[{""S"":""3TVXtAsR1Inumwj472S9r4""},{""S"":""1URnnhqYAYcrqrcwql10ft""},{""S"":""08Ld63UgKrJ0nZnCkzHtzc""}]","2BcMwX1MPV6ZHP4tUT9uq6"
"4gouGcdQn9OvjX42xnWrF0","Jack & Diane","75","254493","spotify:track:43btz2xjMKpcmjkuRsvxyg","[{""S"":""3lPQ2Fk5JOwGWAF3ORFCqH""}]","43btz2xjMKpcmjkuRsvxyg"
"00d2Kn6MyuPyabKyxGtq1f","Girl in It","50","182139","spotify:track:2Pdef2nNfgoOwPQ9Ojx4IA","[{""S"":""7abk76xILIuWQIcPooclLp""}]","2Pdef2nNfgoOwPQ9Ojx4IA"
"5vP0fNictdWyU48o83Q7ob","Life Goes On","90","161803","spotify:track:0eu4C55hL6x29mmeAjytzC","[{""S"":""6TLwD7HPWuiOzvXEa3oCNe""}]","0eu4C55hL6x29mmeAjytzC"
"3UN2NT53VVKWF331LmVIzb","Pretty Ugly","49","178469","spotify:track:6I29jkpQ7k7iIbQqVIgZmG","[{""S"":""6wCypaPtud9fC2djKw9PDX""}]","6I29jkpQ7k7iIbQqVIgZmG"
"22qtXQo5oMS3z5iaqBS7si","Bye Mom","56","238280","spotify:track:0dVuf0NSPxHeovkeAEsvPz","[{""S"":""60gmlHZmT16wiO9GiXKYK9""}]","0dVuf0NSPxHeovkeAEsvPz"
"4HHsYvJLSiZ8f7WnU6Xiie","Angels","67","214040","spotify:track:2PhJC1jsvVIbpbBjDs9Bkv","[{""S"":""6x2LnllRG5uGarZMsD4iO8""}]","2PhJC1jsvVIbpbBjDs9Bkv"
"6y9LbrjY2TpaLvtbE7FTkc","camera roll","62","159320","spotify:track:58ITRjekhkYqHvuE71NUc0","[{""S"":""70kkdajctXSbqSMJbQO424""}]","58ITRjekhkYqHvuE71NUc0"
"279o49AIcWuS6kIqVozTGL","She Sells Sanctuary","1","252533","spotify:track:4vnLdmUdkOworoveEzpEST","[{""S"":""49DW3KvkyjHO35mK1JnSyS""}]","4vnLdmUdkOworoveEzpEST"
"2wcv0lHk5fUYyNGKugGa7q","Better Days (NEIKED x Mae Muller x Polo G)","90","160656","spotify:track:6f5ExP43esnvdKPddwKXJH","[{""S"":""5H6xmHXjsq98NLbEjuE29f""},{""S"":""1BEUkE2CSUgHTLSBMZdnFB""},{""S"":""6AgTAQt8XS6jRWi4sX7w49""}]","6f5ExP43esnvdKPddwKXJH"
"5xb0FVh2rlQatP2IsagLN2","Retaliation","73","148687","spotify:track:1NE8EEo8xpxTLAYHJbmsrY","[{""S"":""4JhbRL6zaItAyzqx4gHTqz""}]","1NE8EEo8xpxTLAYHJbmsrY"
"4BMnMdQxaN0yj0jh2XSuTQ","Huncho Fishscale (ft. Quavo)","52","194890","spotify:track:5GzmaXXXJYVOKRQyaLZuJM","[{""S"":""11gyaEELeFdWVRaxWJm8b0""},{""S"":""0VRj0yCOv2FXJNP47XQnx5""}]","5GzmaXXXJYVOKRQyaLZuJM"
"1LM4qNXzxeL4ptfUOeUQwV","WHAT YOU NEED","63","175489","spotify:track:1rmnTmLl06RQLJmEpe36ve","[{""S"":""22hWz22JAmIhIEp0u1X01L""},{""S"":""3KNIG74xSTc3dj0TRy7pGX""}]","1rmnTmLl06RQLJmEpe36ve"
"4qtoUHReyTTUUGMu8hpDGr","Cool, Calm & Collected (feat. Swae Lee)","53","162002","spotify:track:5DA10wRfycixAJMmi1aKqt","[{""S"":""5olrQpDroHT7sjmYWMLivy""},{""S"":""1zNqQNIdeOUZHb8zbZRFMX""}]","5DA10wRfycixAJMmi1aKqt"
"1Fa22nkjCibBCB6PDNzojd","Flights","65","206837","spotify:track:4ZbK9nc9EOYDCPtGhOCYQc","[{""S"":""3OMeFBBc6FX5Q55CxKVFjW""},{""S"":""5f7VJjfbwm532GiveGC0ZK""}]","4ZbK9nc9EOYDCPtGhOCYQc"
"50D9YMxG2uRgCabduAeNOG","For The Record","50","191358","spotify:track:254OydHVwUHK2jIMhZToHm","[{""S"":""4wpwsRGyik5kVa8fG37Q50""},{""S"":""3A63dHvKuavknOcvWVgZA9""}]","254OydHVwUHK2jIMhZToHm"
"6oxFmdfWQQK2EUxiYvgYz7","Z71","65","171294","spotify:track:4vfN00PlILRXy5dcXHQE9M","[{""S"":""2dZ1l4hWgtbMS0N5T9Oalb""}]","4vfN00PlILRXy5dcXHQE9M"
"4GtZQ2uTWGcd40naFI7vYF","Joyride","64","216518","spotify:track:56WqFKgyrRZd6CugD7Adjh","[{""S"":""4X5CTYQmx1NNyz9S1IpNko""}]","56WqFKgyrRZd6CugD7Adjh"
"2M3IBMpOszCjnxwG1sWOqT","MERCEDES","76","233069","spotify:track:0tkgmjBMU6qSxolAKB3f2H","[{""S"":""3tlXnStJ1fFhdScmQeLpuG""}]","0tkgmjBMU6qSxolAKB3f2H"
"6NcGjXe9oZn7WReMlwLQcD","IN THE MIDDLE","59","203662","spotify:track:00I2ZzY3LBCOfWvyqgPsJb","[{""S"":""5TbLOwv8BNnik3f03NZJlt""}]","00I2ZzY3LBCOfWvyqgPsJb"
"5sK78apv4yOoXjxRL4kOdJ","I'm Gonna Be (500 Miles)","73","219466","spotify:track:67iAlVNDDdddxqSD2EZhFs","[{""S"":""1A92IAcd7A6npCA33oGM5i""}]","67iAlVNDDdddxqSD2EZhFs"
"2MbRkcy7y8gP3oQKBxGGqw","Growing Up Gangsta","56","181898","spotify:track:4jlpT1ZTTOcrwAyjJAND2e","[{""S"":""6Vy1VMVCyTgbcmA1iz0QFg""}]","4jlpT1ZTTOcrwAyjJAND2e"
"4zadCyWJc3ptkkF46ClVjJ","Jessie's Girl","null","195933","spotify:track:6EUumCXY2GwkIKcuVGfJyM","[{""S"":""6IFXsrXBpwbIqtOUOiAa3p""}]","6EUumCXY2GwkIKcuVGfJyM"
"1BTRlRnUM0XZaLGJBJoBqy","CHECK THE STATS","50","194823","spotify:track:5o8sujjo7xS7eqe40Fahtd","[{""S"":""4e7DLHD3L0VvT1ubv5oq0w""}]","5o8sujjo7xS7eqe40Fahtd"
"5mDgJdfSgdRGA0ab6Xp6H0","Eye of the Tiger","60","245533","spotify:track:64F1ojnPPiJiFZtYQtHB7r","[{""S"":""26bcq2nyj5GB7uRr558iQg""}]","64F1ojnPPiJiFZtYQtHB7r"
"4qoFgtGcRTrdlfrIXcrwF9","Crazy One More Time - Revisited","55","231133","spotify:track:0jy7nb2V8Twnk6aGz3hqCE","[{""S"":""2hJPr4lk7Q8SSvCVBl9fWM""}]","0jy7nb2V8Twnk6aGz3hqCE"
"6Ol3bTDsZvYrW9jkSqMsZl","WFM","63","136000","spotify:track:18ddJHQ7CUzNBiy55L0Xjj","[{""S"":""35R1B97CfrqKFFI3QBkTDx""}]","18ddJHQ7CUzNBiy55L0Xjj"
"2lLJMezQ0uAvmAlXwoghKl","Sucka Free","43","157560","spotify:track:4hB6fEzYSvamHVQtUQXNoK","[{""S"":""6RuutbNl5ny8LAf1uSK3fS""}]","4hB6fEzYSvamHVQtUQXNoK"
"7jXPuZKd5DMTZGzwucgne4","Cross Country","63","206949","spotify:track:2YgwcrRc33vIWgv5n2TNZ9","[{""S"":""0C86lmpnwiyLDUiyo4d0P1""}]","2YgwcrRc33vIWgv5n2TNZ9"
"7z68pYfdYT9aRs15woSgh1","Make It Past Georgia","52","201322","spotify:track:2jt5TmTYrmdr46cGHrcFjq","[{""S"":""5C5yczYHPeBi5PrwxfksLP""}]","2jt5TmTYrmdr46cGHrcFjq"
"5d71Imt5CIb7LpQwDMQ093","Free Fallin'","79","256000","spotify:track:5tVA6TkbaAH9QMITTQRrNv","[{""S"":""2UZMlIwnkgAEDBsw1Rejkn""}]","5tVA6TkbaAH9QMITTQRrNv"
"0OPKA9Mrv6JFrTjC0KpvdT","How Much Can A Heart Take (feat. Yebba)","65","302240","spotify:track:5SFssNXGjeOxdAnECfgttm","[{""S"":""5Vuvs6Py2JRU7WiFDVsI7J""},{""S"":""1ooV8YZC1KbpEcrmI8WH0F""}]","5SFssNXGjeOxdAnECfgttm"
"06do6YAfoBee0ULhdt4qe5","ROLLIN N CONTROLLIN, Pt.2 (PICTURE ME)","73","121836","spotify:track:5phjnA00QqNdF7oo8a6yu0","[{""S"":""22hWz22JAmIhIEp0u1X01L""}]","5phjnA00QqNdF7oo8a6yu0"
"1NL1LWbjMm9inP25ll9H1d","Bounce Out","56","154046","spotify:track:0sGZ7fSjf9FwXwUMBMlD1W","[{""S"":""23vk8FQSjesEtpErniqki4""}]","0sGZ7fSjf9FwXwUMBMlD1W"
"31jtMX7GvPB6gtQBCGA6xL","If You Have To","59","199493","spotify:track:5aWxPjDd4ZfpsmDoeR1plq","[{""S"":""6BRxQ8cD3eqnrVj6WKDok8""}]","5aWxPjDd4ZfpsmDoeR1plq"
"7cNdBHLEbwYGakUYG6GbUa","Key to Life","50","195548","spotify:track:2Mt1eUJXN4QMeH6hh0rpUr","[{""S"":""1GXBaX5YUjOrrXch1sGepn""}]","2Mt1eUJXN4QMeH6hh0rpUr"
"5RNLxY6dU8elOJwe7eDFGW","BeBe (feat. LC Levi)","46","120035","spotify:track:18EsiBygSie4CIRBSZs1eG","[{""S"":""1O8X4zxUh4AdAPFttOTlLr""},{""S"":""3Sji1Ukk1fAIBejIpQVRmC""}]","18EsiBygSie4CIRBSZs1eG"
"3gSuTyJGP9ZFnpXC1QHimc","Come Back As A Country Boy","70","221693","spotify:track:5EDtmgwR1lDmDGLZraNpJg","[{""S"":""1UTPBmNbXNTittyMJrNkvw""}]","5EDtmgwR1lDmDGLZraNpJg"
"0fas0oNoInW2Y68mdaW0Gf","Go","68","132640","spotify:track:0cNAaZbkK61jCej9BP1NoJ","[{""S"":""5IbEL2xjRtKsunfmsahLuO""}]","0cNAaZbkK61jCej9BP1NoJ"
"0kBfgEilUFCMIQY5IOjG4t","You Give Love A Bad Name","82","222706","spotify:track:0rmGAIH9LNJewFw7nKzZnc","[{""S"":""58lV9VcRSjABbAbfWS6skp""}]","0rmGAIH9LNJewFw7nKzZnc"
"0Rn8NAh8NnoaCOt8r8Tc3e","Essence (feat. Justin Bieber & Tems)","75","263288","spotify:track:1mSdbey7RstGLY2udgXv74","[{""S"":""3tVQdUvClmAT7URs9V3rsp""},{""S"":""1uNFoZAHBGtllmzznpCI3s""},{""S"":""687cZJR45JO7jhk1LHIbgq""}]","1mSdbey7RstGLY2udgXv74"
"0BP5Q9dJyOcDcfkL6ETFKX","CUFFIN (feat. Coi Leray)","63","198670","spotify:track:5QEapWx3ryjwtg0E89b02h","[{""S"":""2FIGTfXnX4gR3ypjQVPVlJ""},{""S"":""6AMd49uBDJfhf30Ak2QR5s""}]","5QEapWx3ryjwtg0E89b02h"
"3xHfz35bKJw9OT19JDcEr0","Cold Beer and Copenhagen","48","192580","spotify:track:6MrBOcxSf5Ix15anMHDRig","[{""S"":""7xZTozOYTK6YKaxcQxeBdP""}]","6MrBOcxSf5Ix15anMHDRig"
"6QVNm3lwNzeVmnic41sZM3","Stand - Remastered","null","192960","spotify:track:5xQS3BaNZDrltmswg7B8YD","[{""S"":""4KWTAlx2RvbpseOGMEmROg""}]","5xQS3BaNZDrltmswg7B8YD"
"1WqGpWerlizBxrpP4x58kA","Stack of Records","43","218339","spotify:track:5ihKcY8Es0Sao3KhX45JhW","[{""S"":""6MWr1SmTaCU5BJzOZxwJEw""}]","5ihKcY8Es0Sao3KhX45JhW"
"35MFJBhiYKKm3Vsybpsk29","Counter","60","146840","spotify:track:4W4lWW8HQITbAe96R0APIh","[{""S"":""5fyvTyetDr7gvLafBsEEhU""}]","4W4lWW8HQITbAe96R0APIh"
"69xhM28ljDGkmazJoODM87","Everything I'm Not","51","191888","spotify:track:2Sh4TM6Ypg3KiEjdOS2GVy","[{""S"":""7L0vBPI3KGaA64mN3j1x3m""}]","2Sh4TM6Ypg3KiEjdOS2GVy"
"1aW42KGi7ll4z6ALSwfv70","Never Say Never (with Lainey Wilson)","72","176146","spotify:track:03kCiUPjdAV9ur9ugm8PQT","[{""S"":""1mfDfLsMxYcOOZkzBxvSVW""},{""S"":""6tPHARSq45lQ8BSALCfkFC""}]","03kCiUPjdAV9ur9ugm8PQT"
"2zSXpvoUL2o12rBYTfaL8W","Shut the Door","59","173217","spotify:track:2Qgw0F6DpMy9rs5XxlYh7U","[{""S"":""15tTVhFpH8EFXeDgO9xkRO""}]","2Qgw0F6DpMy9rs5XxlYh7U"
"21BHBTRvTbeWcDxzVkJ2pr","Real Real (feat. Kent Jamz)","47","285546","spotify:track:2UagseAW7ztpQdFtrvLlzW","[{""S"":""40mGQmqwScWdeqW08ff7vu""},{""S"":""4JgGhWEWcKIyT84mknHP2w""}]","2UagseAW7ztpQdFtrvLlzW"
"1wGzChizEpSj0gZG2S5lRs","Drinking to the Broken Hearts","48","210000","spotify:track:58FFAwPYDGarcBP2hNHzUK","[{""S"":""4E82Kdena6yf0reUDRzbvW""}]","58FFAwPYDGarcBP2hNHzUK"
"5aWReU8nqP0WiJPRwiNTyt","Heart On Fire","72","258799","spotify:track:0ysCB1Jg4hli0XlEWlipo7","[{""S"":""2IvkS5MXK0vPGnwyJsrEyV""}]","0ysCB1Jg4hli0XlEWlipo7"
"1XixtqL2k7mcV8slS7FpAb","Us","53","183736","spotify:track:4iQL5pIhMjKAS6feGjaw5t","[{""S"":""6jHWWttC33OQdEDnUXtYrq""}]","4iQL5pIhMjKAS6feGjaw5t"
"3XYqOJI1YlX40kJTdzFEzp","Dude (Looks Like A Lady)","72","265773","spotify:track:6gQUbFwwdYXlKdmqRoWKJe","[{""S"":""7Ey4PD4MYsKc5I2dolUwbH""}]","6gQUbFwwdYXlKdmqRoWKJe"
"7aQ67hIkvYTPsXFEPL6CyI","Altar","73","243090","spotify:track:501mFwKeLnybf8JO3XL66O","[{""S"":""0cGUm45nv7Z6M6qdXYQGTX""}]","501mFwKeLnybf8JO3XL66O"
"1kphAJp2xhCv2IxfgWMKLR","Crazy Tings","68","182400","spotify:track:5VQagemEOLpJJikcLzDNYR","[{""S"":""687cZJR45JO7jhk1LHIbgq""}]","5VQagemEOLpJJikcLzDNYR"
"31oeDyCOLhgeZyktfxo0pE","Pour Some Sugar On Me - Remastered 2017","76","267306","spotify:track:0PdM2a6oIjqepoEfcJo0RO","[{""S"":""6H1RjVyNruCmrBEWRbD0VZ""}]","0PdM2a6oIjqepoEfcJo0RO"
"34SxCd3VfttsdTekzG6ROb","I Don't Wanna Go To Heaven","69","201294","spotify:track:55lJN2gIzJM9SCfwzxAEjf","[{""S"":""4NYMUsIcUUsBHbV9DICa5x""}]","55lJN2gIzJM9SCfwzxAEjf"
"2nLOHgzXzwFEpl62zAgCEC","Here We Go… Again (feat. Tyler, the Creator)","86","209777","spotify:track:1NhjYYcYTRywc0di98xHxf","[{""S"":""1Xyo4u8uXC1ZmMpatF05PJ""},{""S"":""4V8LLVI7PbaPR0K2TGSxFF""}]","1NhjYYcYTRywc0di98xHxf"
"5LMGAYhn2ywaxGZdtmXGpw","Gimme All Your Lovin'","72","241080","spotify:track:0OBwxFLu6Yj61s2OagYbgY","[{""S"":""2AM4ilv6UzW0uMRuqKtDgN""}]","0OBwxFLu6Yj61s2OagYbgY"
"18ceMoqxkcGM1xFW4aux6h","LALA (Unlocked) (feat. Swae Lee)","62","266937","spotify:track:58ZPswvAZ5hscCmbYJvNpW","[{""S"":""3DiDSECUqqY1AuBP8qtaIa""},{""S"":""1zNqQNIdeOUZHb8zbZRFMX""}]","58ZPswvAZ5hscCmbYJvNpW"
"02tfQwJSOLP77oCd9U8bqm","Hungry Like the Wolf - 2009 Remaster","73","220626","spotify:track:39lSeqnyjZJejRuaREfyLL","[{""S"":""0lZoBs4Pzo7R89JM9lxwoT""}]","39lSeqnyjZJejRuaREfyLL"
"6w0l7fLsiJTgVAgoxMzBIu","She Likes It (feat. Jake Scott)","74","163311","spotify:track:6VVqPBFZIbcmv14zNfOc13","[{""S"":""1E2AEtxaFaJtH0lO7kgNKw""},{""S"":""0DxPHf2flBAcV2SnZPg3SV""}]","6VVqPBFZIbcmv14zNfOc13"
"11PVMiF3q2pguN5ym4NvMm","God Must Hate Me","81","149802","spotify:track:21xzFXSL2XkZ2mIzDDAqTK","[{""S"":""3nYYI90ObxhjLjdxaoXGSa""}]","21xzFXSL2XkZ2mIzDDAqTK"
"4LAiL2z5jIvFRvNSzzFBVG","Postman","59","162580","spotify:track:2w7SwOJdM3hchtwuirdZmb","[{""S"":""4mkjpWbFO45SyaHiM9GOVE""}]","2w7SwOJdM3hchtwuirdZmb"
"30ECcjA3lMZPRpdJDyHAnT","If I Was a Cowboy","74","195013","spotify:track:6F7UOC6fPWOkPqybOWBHSv","[{""S"":""66lH4jAE7pqPlOlzUKbwA0""}]","6F7UOC6fPWOkPqybOWBHSv"
"6Ibrf4RYLLKOYFQGNO7xFl","Happy in This Bar","56","157133","spotify:track:1Gp7GfpmFy7DTYAWZ5wERJ","[{""S"":""1qhXfHiXKvDP2563X2uFpY""}]","1Gp7GfpmFy7DTYAWZ5wERJ"
"3hs2Iakgld3yGrrcJSpg28","Trouble With A Heartbreak","66","196026","spotify:track:4lSNyiHil3tuiwtvEpN1qq","[{""S"":""3FfvYsEGaIb52QPXhg4DcH""}]","4lSNyiHil3tuiwtvEpN1qq"
"3Z17WkBq7D8FDqXW4NYlmy","Caddy","63","116470","spotify:track:0kTQcDTWmeSKp2EOHLK7AY","[{""S"":""1NHCwCMqV9oNQJXl16IltL""}]","0kTQcDTWmeSKp2EOHLK7AY"
"7IBeNpSb9G6TU19iPMzxAD","Talk About","42","195000","spotify:track:5eruZy4m1S2YGaE1oKhI60","[{""S"":""75e41tQrYZ8vXnAoeIG9zd""}]","5eruZy4m1S2YGaE1oKhI60"
"0PMasrHdpaoIRuHuhHp72O","Born in the U.S.A.","76","278680","spotify:track:0dOg1ySSI7NkpAe89Zo0b9","[{""S"":""3eqjTLE0HfPfh78zjh6TqT""}]","0dOg1ySSI7NkpAe89Zo0b9"
"3G0NpRAD2eF80q7FWkiQ6Y","Drive","44","215000","spotify:track:4aRAElCM6ve3OISZnU7adb","[{""S"":""4P70LmF7PJwBGS9BV5dk2c""}]","4aRAElCM6ve3OISZnU7adb"
"3nIx98HrK2f40Nw4G87MT0","Changed Everything","55","226813","spotify:track:6F5BWY0slEWhU80k9Y4sxy","[{""S"":""5jfImMkUYyViFJrhdfYt1c""}]","6F5BWY0slEWhU80k9Y4sxy"
"6kZ42qRrzov54LcAk4onW9","All Too Well (10 Minute Version) (Taylor's Version) (From The Vault)","92","613026","spotify:track:5enxwA8aAbwZbf5qCHORXi","[{""S"":""06HL4z0CvFAxyc27GXpf02""}]","5enxwA8aAbwZbf5qCHORXi"
"29WY4kjzCtXpWrYyywIUnD","Lay It On Me","62","189720","spotify:track:0O9quVZcM3pNu9VPuhfY9m","[{""S"":""6nfN5B7Jmi853SHa9106Hz""}]","0O9quVZcM3pNu9VPuhfY9m"
"0V5GJsZdw3zXfrz2oKUhue","Best Thing Since Backroads","70","187432","spotify:track:0R1REdJZIDy7IS3DybdBce","[{""S"":""1n2pb9Tsfe4SwAjmUac6YT""}]","0R1REdJZIDy7IS3DybdBce"
"0HZiTcB82OPdvbJ2Hny6bK","Narcissist","64","154026","spotify:track:3LLezpquftwn7QI1rYIovM","[{""S"":""5rjz63sgMaAUAyBMyCUK5D""}]","3LLezpquftwn7QI1rYIovM"
"28wKxlJocWCrrxUgYC2zEQ","DO 4 LOVE","69","189462","spotify:track:3FImu2LpSuH6gDHBuFgIbS","[{""S"":""1A9o3Ljt67pFZ89YtPPL5X""}]","3FImu2LpSuH6gDHBuFgIbS"
"1gH6cnZFuxGpRqv7R1da7r","Never Til Now","71","173533","spotify:track:2t6lQWC69f2ybmd6VTO2vU","[{""S"":""2qwXeRk8VBAegbUnf3xdyi""}]","2t6lQWC69f2ybmd6VTO2vU"
"5lpInBYJiEtNyOXLIa3c9B","Pressure","71","193279","spotify:track:6ElfCM1XppU0YWkkFYh4s2","[{""S"":""1vaQ6v3pOFxAIrFoPrAcom""}]","6ElfCM1XppU0YWkkFYh4s2"
"1JSjQhsnC2xElFjTVG3Qhy","Cum on Feel the Noize","66","287400","spotify:track:6FBmHx1FuaSnTnnnaThgbF","[{""S"":""1dLWg6m8RRhizsdqJbhyj3""}]","6FBmHx1FuaSnTnnnaThgbF"
"2KVi5YBlC0Gh0NiMKDZSpK","NO TRENDS","66","151299","spotify:track:7oAN2D1k9Qz8qh2JaNcZrj","[{""S"":""6rIaHuCIUu32uj2CjlEBN3""}]","7oAN2D1k9Qz8qh2JaNcZrj"
"58MbYehGOl5NAOdfWY5aHa","Big Energy","81","173182","spotify:track:6Zu3aw7FfjAF9WA0fA81Oq","[{""S"":""3MdXrJWsbVzdn6fe5JYkSQ""}]","6Zu3aw7FfjAF9WA0fA81Oq"
"0C8Poy7zwJ1kQh2sldyvHm","Livin' On A Prayer","null","250626","spotify:track:7qQnBfwXrw2tZNFG4Uf57N","[{""S"":""58lV9VcRSjABbAbfWS6skp""}]","7qQnBfwXrw2tZNFG4Uf57N"
"6ViANKeydeABO0cqB0SB3Z","No Drama","71","196733","spotify:track:1YmyHCxLKjLBBNQU51yQOh","[{""S"":""0Yr4BBpK2dkCp2UsrJ9LZN""}]","1YmyHCxLKjLBBNQU51yQOh"
"4gouGcdQn9OvjX42xnWrF0","Hurts So Good","73","218960","spotify:track:67eX1ovaHyVPUinMHeUtIM","[{""S"":""3lPQ2Fk5JOwGWAF3ORFCqH""}]","67eX1ovaHyVPUinMHeUtIM"
"2kzPJWrTjVKEYWWhowXLnz","Happier Than Ever - Edit","87","151444","spotify:track:32BeYxKPrig1LefHsC0Xuo","[{""S"":""6qqNVTkY8uBg9cP3Jd7DAH""}]","32BeYxKPrig1LefHsC0Xuo"
"2vb8B3MYGjfYlGch4KlEfe","Wishful Drinking (with Sam Hunt)","76","194544","spotify:track:3HGnIIdHYIbkowzLk8UHbE","[{""S"":""0jPnVIasXzBYjrlpO5irii""},{""S"":""2kucQ9jQwuD8jWdtR9Ef38""}]","3HGnIIdHYIbkowzLk8UHbE"
"6pL7kL9cOc0DpWCq6qJtxQ","Kickstart My Heart","78","282653","spotify:track:7GonnnalI2s19OCQO1J7Tf","[{""S"":""0cc6vw3VN8YlIcvr1v7tBL""}]","7GonnnalI2s19OCQO1J7Tf"
"4zxSM7n57ny7FztFtjSj7n","I AM WOMAN","90","232813","spotify:track:3nOz1U41SZZ0N3fuUWr9nb","[{""S"":""71szvmFWd7TUa7b6XmXj9k""}]","3nOz1U41SZZ0N3fuUWr9nb"
"4pSEsbhUcN1HZnxt2tqQLu","Ready For It","51","114319","spotify:track:2pC66xqZv1tKwEyUcRIdXj","[{""S"":""0E3pLs4jXz9tDQGY8m1A1d""}]","2pC66xqZv1tKwEyUcRIdXj"
"4wXPYoDHriG75HyGDPtXiq","The Road","64","268186","spotify:track:6IsIpPApmefLa6dfop4xYX","[{""S"":""3eJCIS7ytlYvT3pgReuWWa""}]","6IsIpPApmefLa6dfop4xYX"
"2Mo6Xc2RfhJD6QkmRjYdid","Boy From Anderson County","66","244290","spotify:track:6H4TyfdTbm1bIaBkXiyvvw","[{""S"":""2dz0ijxEHh6AzUzQBwBSKx""}]","6H4TyfdTbm1bIaBkXiyvvw"
"6kZ42qRrzov54LcAk4onW9","I Bet You Think About Me (feat. Chris Stapleton) (Taylor’s Version) (From The Vault)","82","285106","spotify:track:4CkgMiMqZ5JzW9iYXSTMTL","[{""S"":""06HL4z0CvFAxyc27GXpf02""},{""S"":""4YLtscXsxbVgi031ovDDdh""}]","4CkgMiMqZ5JzW9iYXSTMTL"
"5iCiDUEYtamxT2KOTT22Gf","Better On Me","55","149332","spotify:track:3Gk75ziLzHNskYTW2MIG4p","[{""S"":""5TtSGhhCPt56x4ZPfg7DFq""}]","3Gk75ziLzHNskYTW2MIG4p"
"0FVa4hvcK17nUGjrhN4Hfy","Got Damn","46","106893","spotify:track:7J8YTp4JFQuQXTNLexx3g8","[{""S"":""3jAZsSIIA8HLjxR99biJyx""}]","7J8YTp4JFQuQXTNLexx3g8"
"4G7ZM1XjOlhHBpiCh2QctX","How To Talk To Girls","60","200133","spotify:track:0TmtIEVQGDMYHWmgYw3Zlq","[{""S"":""5q8HGNo0BjLWaTAhRtbwxa""}]","0TmtIEVQGDMYHWmgYw3Zlq"
"1i4xWUtR929qMuuSnGGf1o","Brixx","55","176317","spotify:track:0eY2jYiDnRBLhJoAgQ4yUr","[{""S"":""7ECp9Ab69X334S1fo7jAp3""},{""S"":""55zZKMiLQNwu6unkKc8J4y""}]","0eY2jYiDnRBLhJoAgQ4yUr"
"1Xn3gvRSjYfCdFez1aeUup","Ok Cool (Remix) (feat. Gunna)","61","182465","spotify:track:143oP1kVjNcaQ9WTraAR9E","[{""S"":""6RuutbNl5ny8LAf1uSK3fS""},{""S"":""2hlmm7s2ICUX0LVIhVFlZQ""}]","143oP1kVjNcaQ9WTraAR9E"
"5SaPpj7mUr3Yin6oaBSnEP","My Bar","53","193053","spotify:track:3rvEUrjnl3eXXmKiKLkzRN","[{""S"":""6BpvASijzSWj7gnZD4Dvf1""}]","3rvEUrjnl3eXXmKiKLkzRN"
"dummy_album_id","dummy_track_name","0","0","dummy_track_uri","","dummy_track_id"
"5gdgH8d7W2KwkK03Ea0vpi","Flower Shops (feat. Morgan Wallen)","78","214405","spotify:track:2ccuOtUjIyx3tPcsnpeBzJ","[{""S"":""4GGfAshSkqoxpZdoaHm7ky""},{""S"":""4oUHIQIBe0LHzYfvXNW4QM""}]","2ccuOtUjIyx3tPcsnpeBzJ"
"0Tk1KpRvKLUC00wWoayxVj","Time Away","43","197449","spotify:track:7mJFpjuA85IyMmsHflTwX3","[{""S"":""4e7DLHD3L0VvT1ubv5oq0w""}]","7mJFpjuA85IyMmsHflTwX3"
"2D8w8m8eFaU92yI1iXlHiC","No Option","64","229413","spotify:track:2LNiTlYDSFntPkU3qvUc6Y","[{""S"":""2HUwZ0kumzCSlhFcjFZfpp""}]","2LNiTlYDSFntPkU3qvUc6Y"
"7L8IHgiomfEpxOm61vgPTm","Steal My Love","73","162120","spotify:track:0vzSAyinyA619ZbrOaAi04","[{""S"":""7z5WFjZAIYejWy0NI5lv4T""}]","0vzSAyinyA619ZbrOaAi04"
"44zD5iw8kn2Xhn1QDlLnGu","Best Of Me (Originals)","62","238999","spotify:track:1KkxtIMy5n9AN0hhlzWbAc","[{""S"":""3DiDSECUqqY1AuBP8qtaIa""}]","1KkxtIMy5n9AN0hhlzWbAc"
"7dN3NasZNSsCD8OdH08oua","Run","63","212680","spotify:track:0OvR1iYRUwrsSwu6Zli9iz","[{""S"":""4eYE8Z6cfEHEdG22lTyucP""}]","0OvR1iYRUwrsSwu6Zli9iz"
"2AMWVB3FWknjcMeb6hMZnd","Every Rose Has Its Thorn - Remastered 2003","72","260173","spotify:track:43GS3mtezoIFiuIZCLLiDY","[{""S"":""1fBCIkoPOPCDLUxGuWNvyo""}]","43GS3mtezoIFiuIZCLLiDY"
"5JKFiC2WVi9HtvJEm8CUB8","Welcome To The Jungle","null","273600","spotify:track:5NIPsWpDjJTFBoPxCUUeXp","[{""S"":""3qm84nBOXUEQ2vnTfUTTFC""}]","5NIPsWpDjJTFBoPxCUUeXp"
"5DyBJlrOGNzxvGPkKAS8b4","It’s ‘Cause I Am","69","166800","spotify:track:7JjymfuNMxQgOQJ4mGOdbg","[{""S"":""5aizOVB0aFinBgezLPkhnm""}]","7JjymfuNMxQgOQJ4mGOdbg"
"0q2SQtfrwBE53MnkEo82W9","Steady Heart","62","213207","spotify:track:4QakuMSCrvw79FQV55xx6T","[{""S"":""31n3CN1jSC5ALUJ9dwT8UI""}]","4QakuMSCrvw79FQV55xx6T"
"5lwUnuV4PJekfTcYIbkq6a","What He Didn't Do","69","191226","spotify:track:5OLaVCAM2pqg7X9mAM2W8M","[{""S"":""4sIl4BTo9l9KqEi0Y3RE72""}]","5OLaVCAM2pqg7X9mAM2W8M"
"40cbsi8Xa1QwomJacJR8EQ","Close to You","47","225230","spotify:track:6wF6oModvfcuEKNdB0f0Er","[{""S"":""4OKeMjg0BPykaJfAbr3dxs""}]","6wF6oModvfcuEKNdB0f0Er"
"5WvmRAsjmB3uPLoFeCioC5","DIAMOND","54","193320","spotify:track:7jZwYDy3LXNJBel7NPQ3zk","[{""S"":""6Rw7DRa1dzChBvxGPCpOxU""}]","7jZwYDy3LXNJBel7NPQ3zk"
"5URlnunYAmVeQcjW8XJW9y","Backroad Flyin'","57","192921","spotify:track:73VO2Gy5FMTpmeQl0jFeZl","[{""S"":""0p7RQG0Rq8tzWxUros2BDf""}]","73VO2Gy5FMTpmeQl0jFeZl"
"37KYBt1Lzn4eJ4KoCFZcnR","Let's Dance - 1999 Remaster","1","457133","spotify:track:0F0MA0ns8oXwGw66B2BSXm","[{""S"":""0oSGxfWSnnOXhD2fKuz2Gy""}]","0F0MA0ns8oXwGw66B2BSXm"
"3BBsMXl00IfMxO7LCpYFU8","Smokin Out The Window","88","197442","spotify:track:4iN16F8JtVxG2UTzp3avGl","[{""S"":""3jK9MiCrA42lLAdMGUZpwa""},{""S"":""0du5cEVh5yTK9QJze8zA0C""},{""S"":""6PvvGcCY2XtUcSRld1Wilr""}]","4iN16F8JtVxG2UTzp3avGl"
"0vlxtyaep2FkkVidYC49PA","What Are You Drinking","58","204120","spotify:track:6G2hBL1ttQuXbCvXV6c6F3","[{""S"":""7lDVEkjIURPMyUYwoQRrpw""}]","6G2hBL1ttQuXbCvXV6c6F3"
"50zMs3AwxduoOoQoN17955","I Can't Love You Any More","59","194706","spotify:track:3Sm47s5VbZs7cHzEdqC4Tc","[{""S"":""1p6CdzJRoicjRcSdWoB9Qc""}]","3Sm47s5VbZs7cHzEdqC4Tc"
"5pfpXvoJtSIFrbPIoBEv3R","Any Way You Want It","62","201866","spotify:track:2DyHhPyCZgZzNXn1IrtsTu","[{""S"":""0rvjqX7ttXeg3mTy8Xscbt""}]","2DyHhPyCZgZzNXn1IrtsTu"
"6fgSKdHloRioPrZ9oJC7FH","One Right Now (with The Weeknd)","92","193506","spotify:track:00Blm7zeNqgYLPtW6zg8cj","[{""S"":""246dkjvS1zLTtiykXe5h60""},{""S"":""1Xyo4u8uXC1ZmMpatF05PJ""}]","00Blm7zeNqgYLPtW6zg8cj"
"6LEP3L94jnkqjOxYJWPRP0","Epic","69","293653","spotify:track:4ReyTz0y3TGkX48wO3Llot","[{""S"":""6GbCJZrI318Ybm8mY36Of5""}]","4ReyTz0y3TGkX48wO3Llot"
"3mArQu301uZWkNwfGJ51sE","When You Don't","56","213784","spotify:track:7EXcUNcsRgWUPvujp1uDI3","[{""S"":""0MLe1DKmSKbDXw5zw45rJ7""}]","7EXcUNcsRgWUPvujp1uDI3"
"0bMGwS4OdF9prBTjZOXSgl","My City ft. Masego","58","190375","spotify:track:3Q8RBppQeYLLHafNb2cJTz","[{""S"":""6TrQLQR8tUluPbmdPy6jqY""},{""S"":""3ycxRkcZ67ALN3GQJ57Vig""}]","3Q8RBppQeYLLHafNb2cJTz"
"4jWQNxsk5LqMgffN2hiE67","Around And Around","48","148508","spotify:track:1rX6DkfNiuH3A9XNpwD7eP","[{""S"":""4wpwsRGyik5kVa8fG37Q50""}]","1rX6DkfNiuH3A9XNpwD7eP"
"75yTVtHRGlobA0IvgGG59X","Pickup","58","168447","spotify:track:2kEhQe0BVtY8IIaFE5ALA0","[{""S"":""6nXco5Q3cJJ0ZutnBOsSpq""}]","2kEhQe0BVtY8IIaFE5ALA0"
"3XoK5Dz1cSeeRi5bbO2Gbt","Truth About You","73","203036","spotify:track:4Qum1kECNQrpREev5fvAQ4","[{""S"":""1p6CdzJRoicjRcSdWoB9Qc""}]","4Qum1kECNQrpREev5fvAQ4"
"4oxmme6i4mypSt2DDzPTsW","pushin P (feat. Young Thug)","88","136266","spotify:track:3LnpBazWpD31QMTn6LgVGv","[{""S"":""2hlmm7s2ICUX0LVIhVFlZQ""},{""S"":""1RyvyyTE3xzB2ZywiAwp0i""},{""S"":""50co4Is1HCEo8bhOyUWKpn""}]","3LnpBazWpD31QMTn6LgVGv"
"3T53NQL9qgBWRS8BeUD1BG","Conniving","51","122686","spotify:track:5EYL9q1bReeJ67DwkSsGey","[{""S"":""4CAL0nDGvLhUfQEpwSLnUz""}]","5EYL9q1bReeJ67DwkSsGey"
"3i5LIueVgxjgCu1TIZOraP","23","75","179720","spotify:track:4PuAqZlL1tkidkuxfDlLbF","[{""S"":""2kucQ9jQwuD8jWdtR9Ef38""}]","4PuAqZlL1tkidkuxfDlLbF"
"243XzHQegX82bPnUVQ0SPV","Beds Are Burning - Remastered","72","255680","spotify:track:1CtAzw53AIXKjAemxy4b1j","[{""S"":""72KyoXzp0NOQij6OcmZUxk""}]","1CtAzw53AIXKjAemxy4b1j"
"3h853f1lbotNRiJUTxwOJg","STOP IT","51","115822","spotify:track:3loQ69RjHEsOB2ADrusRwy","[{""S"":""3pcerTbRFAPvWWtAfySFWB""}]","3loQ69RjHEsOB2ADrusRwy"
"1bbxGXkTZgxCwF2ApqpuwP","Hometown Boys (feat. Matt Stell, Dierks Bentley & HARDY)","56","224912","spotify:track:7gbCLXXJrFu31FDHlIIbam","[{""S"":""4SbuhLih8eWLmqFzzmM3AK""},{""S"":""7x8nK0m0cP2ksQf0mjWdPS""},{""S"":""5QNm7E7RU2m64l6Gliu8Oy""},{""S"":""7EekKnlf2HwNaLLpL9Cpgy""}]","7gbCLXXJrFu31FDHlIIbam"
"2B3yBLf93OntMUTKRzI2Mh","Breakdown","46","192020","spotify:track:0Fu7sYDdybCQ7VZYUYh5Ge","[{""S"":""6jeg7JBX9J9097esK752iR""}]","0Fu7sYDdybCQ7VZYUYh5Ge"
"4D5c572kHBU8bYhtAT4ABw","Being Here, Being There","47","177653","spotify:track:55S9J2WPxbRnbHQnT9nw8W","[{""S"":""6xWrMsqTNDV7Pi10GWUhuZ""},{""S"":""2qgvmDsc4jrqbAbjq1HGM2""},{""S"":""3M2ei8oRgZ3TwTo6F6votj""}]","55S9J2WPxbRnbHQnT9nw8W"
"1UPlwdM0JYNwlDcKbeXrKZ","Fingers Crossed","91","175344","spotify:track:5S9Zs5g9lTWnLIboN1pdlU","[{""S"":""79AyR6ATpj2LTPxfb6FX50""}]","5S9Zs5g9lTWnLIboN1pdlU"
"5d71Imt5CIb7LpQwDMQ093","I Won't Back Down","75","178360","spotify:track:7gSQv1OHpkIoAdUiRLdmI6","[{""S"":""2UZMlIwnkgAEDBsw1Rejkn""}]","7gSQv1OHpkIoAdUiRLdmI6"
"3Uyu7eYLOwPRv5KHYk00B5","Draft Kings","50","172039","spotify:track:5ls732Is7vd9xdFJjsSCU9","[{""S"":""6HgEIsWCHekTTfnbOGJa3g""}]","5ls732Is7vd9xdFJjsSCU9"
"3TmfcZxW73xt38JNA7dKnW","WISS","69","159130","spotify:track:2GDdasGKNUvjF0qZwzNrPv","[{""S"":""6rIaHuCIUu32uj2CjlEBN3""}]","2GDdasGKNUvjF0qZwzNrPv"
"7wJSmCMFqVmKgy4pWxuPhx","My Everything (Part III) (feat. G Herbo)","53","150263","spotify:track:7GmdennpqprCZ1KtBWcNSA","[{""S"":""7hf5PZjVOqTQ2id3PF7I5Y""},{""S"":""5QdEbQJ3ylBnc3gsIASAT5""}]","7GmdennpqprCZ1KtBWcNSA"
"15J400U0rEpgE64UQgtvLs","Walk Of Life","9","249960","spotify:track:3Ud6fFep5ZlXzRWw6Sm8no","[{""S"":""0WwSkZ7LtFUFjGjMZBMt6T""}]","3Ud6fFep5ZlXzRWw6Sm8no"
"3pwMlf0iy3je3NkwnsrlDV","21 And Over","48","190562","spotify:track:5iPETZeuVfpzuu9Ibrg90K","[{""S"":""5lRB3MAJfKzlt7dgYMHWgY""}]","5iPETZeuVfpzuu9Ibrg90K"
"0tQhdnBXqKclkBXubhu2kv","Let's Get It","63","173423","spotify:track:4XfkvrC5rmOYqeTP2ft7lj","[{""S"":""508weSx4HBumrGggFmc7br""}]","4XfkvrC5rmOYqeTP2ft7lj"
"5gZP9GdBmQljja486HZYa0","Blue Eyes","52","229600","spotify:track:232kkQ6vbOzY4kE2JkrBpp","[{""S"":""55TMBUBKkjVqu2EipyfY9z""}]","232kkQ6vbOzY4kE2JkrBpp"
"224jZ4sUX7OhAuMwaxp86S","Easy On Me","96","224694","spotify:track:0gplL1WMoJ6iYaPgMCL0gX","[{""S"":""4dpARuHxo51G3z768sgnrY""}]","0gplL1WMoJ6iYaPgMCL0gX"
"0kxA9Bc8pamypR5GYXmeti","Super Gremlin","90","200547","spotify:track:4A8cWXxKfIL3lAyUDzXbCF","[{""S"":""46SHBwWsqBkxI7EeeBEQG7""}]","4A8cWXxKfIL3lAyUDzXbCF"
"3udIvIqyBG1RrHxXrUZDoK","Moth To A Flame (with The Weeknd)","92","234000","spotify:track:2gpWyfu7eZ01zzncHpxOtA","[{""S"":""1h6Cn3P4NGzXbaXidqURXs""},{""S"":""1Xyo4u8uXC1ZmMpatF05PJ""}]","2gpWyfu7eZ01zzncHpxOtA"
"781cKhbTPwLnPmo9BALQl7","Good Days","86","279204","spotify:track:3YJJjQPAbDT7mGpX3WtQ9A","[{""S"":""7tYKF4w9nC0nq9CsPZTHyP""}]","3YJJjQPAbDT7mGpX3WtQ9A"
"0AFaIppKjr2lO1pCjx1wK5","Pick Me Up","65","169440","spotify:track:7xNYZeFtrB05pi9tc6lEeb","[{""S"":""6Iz3eq2aQGFf7TbGT2iahL""}]","7xNYZeFtrB05pi9tc6lEeb"
"2xg7iIKoSqaDNpDbJnyCjY","Tom Sawyer","73","276880","spotify:track:3QZ7uX97s82HFYSmQUAN1D","[{""S"":""2Hkut4rAAyrQxRdof7FVJq""}]","3QZ7uX97s82HFYSmQUAN1D"
"0QWJ1Ja8a8Oxwc3TObJeJr","Dr Feelgood","28","282560","spotify:track:3xGUsy7FZIOibMKrQGFnRH","[{""S"":""0cc6vw3VN8YlIcvr1v7tBL""}]","3xGUsy7FZIOibMKrQGFnRH"
"5YAaEVUeMvXjI9J0ExHPmw","Here I Go Again 87 - 2007 Remastered Version","null","270160","spotify:track:3rdxvEfBp86WNcRDLaFEk9","[{""S"":""3UbyYnvNIT5DFXU4WgiGpP""}]","3rdxvEfBp86WNcRDLaFEk9"
"6pOiDiuDQqrmo5DbG0ZubR","THATS WHAT I WANT","93","143901","spotify:track:0e8nrvls4Qqv5Rfa2UhqmO","[{""S"":""7jVv8c5Fj3E9VhNjxT4snq""}]","0e8nrvls4Qqv5Rfa2UhqmO"
"577SefILL1LFIbsOMP3lm1","Come Through (feat. Chris Brown)","60","214053","spotify:track:4dmNBu6IEQahPJDlQQOY69","[{""S"":""3Y7RZ31TRPVadSFVy1o8os""},{""S"":""7bXgB6jMjp9ATFy66eO08Z""}]","4dmNBu6IEQahPJDlQQOY69"
"5uQt9PVJIZvYjOL43EkOId","Solo","59","168131","spotify:track:1XsUBzfpNsho6etkFNLcpR","[{""S"":""7HjGPPtdNuHcK8crc7iNkn""}]","1XsUBzfpNsho6etkFNLcpR"
"2H2eNZClayR5jbgBa2iZx1","Don't You (Forget About Me)","1","263040","spotify:track:4aWn4NHlELpOehxsBaQeoe","[{""S"":""6hN9F0iuULZYWXppob22Aj""}]","4aWn4NHlELpOehxsBaQeoe"
"6yDq3SrTcstT7zD1hv3hgM","Rebel Yell","null","288533","spotify:track:1S2yXfKjH5S14W5ga1m0nD","[{""S"":""7lzordPuZEXxwt9aoVZYmG""}]","1S2yXfKjH5S14W5ga1m0nD"
"7pUVJZs6e3GVTZcGlKXVG7","Rounds","50","163720","spotify:track:0Ri77u7FwVyFtNkFaY09jJ","[{""S"":""2KZnFwKkzZwaTe74507ZLD""}]","0Ri77u7FwVyFtNkFaY09jJ"
"4NmOlKfPRKxL8Oe1pFKnnw","Miss Us Then","50","193610","spotify:track:3v7t1HDVDKCwa5QB9GUy4I","[{""S"":""0fubiYogCTeBykbgV7HGf6""}]","3v7t1HDVDKCwa5QB9GUy4I"
"6pJciZv8HMs7imWW9s9J6P","Walk This Way","null","310960","spotify:track:4lRdpZYTwaPpuKpquO6bo3","[{""S"":""3CQIn7N5CuRDP8wEI7FiDA""}]","4lRdpZYTwaPpuKpquO6bo3"
"5BDGtXKMQ6k267KX4PoGhP","Land Of Confusion - Remastered 2007","65","286320","spotify:track:2oiMNaVCul7qmMzpRStjCg","[{""S"":""3CkvROUTQ6nRi9yQOcsB50""}]","2oiMNaVCul7qmMzpRStjCg"
"6wPXUmYJ9mOWrKlLzZ5cCa","Another One Bites The Dust - Remastered 2011","75","214653","spotify:track:57JVGBtBLCfHw2muk5416J","[{""S"":""1dfeR4HaWDbWqFHLkxsg1d""}]","57JVGBtBLCfHw2muk5416J"
"2CLy37plshpgHD5aAFxbFf","Stick Baby","55","120058","spotify:track:3q6ko6Otby0KfQVHhaKisM","[{""S"":""3EIX8WuD9ybB4ruz0MSilB""}]","3q6ko6Otby0KfQVHhaKisM"
"0ztezUxR9YMkIP1SFRSnV1","Poison","61","269600","spotify:track:1iQpStZpzBb5TOuTDKJKdj","[{""S"":""3EhbVgyfGd7HkpsagwL9GS""}]","1iQpStZpzBb5TOuTDKJKdj"
"4uWN7YSR2HKkNkrlY9HiQP","Stop Draggin' Your Boots","74","164347","spotify:track:0ODaBMQ3tbTefbmbMWTwdT","[{""S"":""5iqStkZi6QmG8sgQZQrfGN""}]","0ODaBMQ3tbTefbmbMWTwdT"
"7yDxJXFPl88Dt9kBo0dDD6","Every Breath You Take - Remastered 2003","null","253886","spotify:track:2sXp9Qmvc7mRaDBjBgcGGi","[{""S"":""5NGO30tJxFlKixkPSgXcFE""}]","2sXp9Qmvc7mRaDBjBgcGGi"
"7nXJ5k4XgRj5OLg9m8V3zc","When Doves Cry","72","352906","spotify:track:51H2y6YrNNXcy3dfc3qSbA","[{""S"":""5a2EaR3hamoenG9rDuVn8j""}]","51H2y6YrNNXcy3dfc3qSbA"
"3opfzTXEIwJxhXamjiAD7L","Dope Game","54","191573","spotify:track:2QrFxF0HAlK7Ik91PELa7a","[{""S"":""3PGiywHOqNwJ1bv4S3fgZF""},{""S"":""0gg11prPP6OqtUvBcKnPpq""}]","2QrFxF0HAlK7Ik91PELa7a"
"6PBwTu4IgZMQNTKtrgxzZQ","Light Switch","84","185680","spotify:track:1BSMpVGWs3v5BZKnAQziAc","[{""S"":""6VuMaDnrHyPL1p4EHjYLi7""}]","1BSMpVGWs3v5BZKnAQziAc"
"4Saua162eaEOksYc8TrB74","Sunday Bloody Sunday - Remastered 2008","64","279440","spotify:track:4nuUssdgKFy2QyYHHNkZQW","[{""S"":""51Blml2LZPmy7TTiAg47vQ""}]","4nuUssdgKFy2QyYHHNkZQW"
"4QLAtpLNUsHEYrcHXmMIZZ","STAY (with Justin Bieber)","97","141805","spotify:track:5HCyWlXZPP0y6Gqq8TgA20","[{""S"":""2tIP7SsRs7vjIcLrU85W8J""},{""S"":""1uNFoZAHBGtllmzznpCI3s""}]","5HCyWlXZPP0y6Gqq8TgA20"
"0S0r2RFucaW9kVjBtcBOV1","Fly As Me","76","219389","spotify:track:7GuP2hQO9oprADjY3gRhCT","[{""S"":""0du5cEVh5yTK9QJze8zA0C""},{""S"":""3jK9MiCrA42lLAdMGUZpwa""},{""S"":""6PvvGcCY2XtUcSRld1Wilr""}]","7GuP2hQO9oprADjY3gRhCT"
"2emwLEOENheaMwZnXvItID","Waldo","42","148928","spotify:track:1c5hXcLYRcoceFi4zDQqV4","[{""S"":""03T8GHHcCEtcfnjbP5aHLg""}]","1c5hXcLYRcoceFi4zDQqV4"
"40FJ8tW2YSU4gXEj9WOLgN","Most Nights","50","198272","spotify:track:5gs9CYfoPQUKJ9TPBRgBWI","[{""S"":""6K4y1ejK5kZ0kRdgCv5bRg""}]","5gs9CYfoPQUKJ9TPBRgBWI"
"1x55Z0fYARLdeJVjG2UESs","Monëy so big","78","160052","spotify:track:7BbaIYAdi3pg4MGl6PHwPv","[{""S"":""3qiHUAX7zY4Qnjx8TNUzVx""}]","7BbaIYAdi3pg4MGl6PHwPv"
"2x1s5aVQ01ylPs5nUdeA2i","The Boys Of Summer","77","288733","spotify:track:4gvea7UlDkAvsJBPZAd4oB","[{""S"":""5dbuFbrHa1SJlQhQX9OUJ2""}]","4gvea7UlDkAvsJBPZAd4oB"
"1hJUh5y1ggqqGsCivnRmHw","I Hate U","91","174000","spotify:track:5dXWFMwD7I7zXsInONVl0H","[{""S"":""7tYKF4w9nC0nq9CsPZTHyP""}]","5dXWFMwD7I7zXsInONVl0H"
"12poWhbYnHBh0pKdVN4U2t","The Good And The Bad","51","164571","spotify:track:0EqPCHTXkak4J74zBg0Nic","[{""S"":""4CAL0nDGvLhUfQEpwSLnUz""}]","0EqPCHTXkak4J74zBg0Nic"
"50rJgPQvYLeiC3Ub9c5tGJ","Good Ole Boy","56","206533","spotify:track:78uoWKqFLD3jaGv5awBe4r","[{""S"":""1v3tdpIdBSW14rHUfiEVOv""}]","78uoWKqFLD3jaGv5awBe4r"
"5hRR7gwAw1b7XbJ3HCZHIn","At Your Best (You Are Love) - Spotify Singles","60","317890","spotify:track:5OFoInHe162W9I97oVDzY8","[{""S"":""7E2ioKxoxI2J94tUkIx6As""}]","5OFoInHe162W9I97oVDzY8"
"2RrZgDND03MLu6pRJdTkz5","By Your Side","83","194050","spotify:track:2AaJeBEq3WLcfFW1y8svDf","[{""S"":""45TgXXqMDdF8BkjA83OM7z""}]","2AaJeBEq3WLcfFW1y8svDf"
"5Z81UYgt8SNzIRh2emPnPi","Bar Friends","58","186335","spotify:track:5NfFDWE3FzgXo0Mg7N4MEm","[{""S"":""5XLWHp9tjK7PWm7SMcvo2q""}]","5NfFDWE3FzgXo0Mg7N4MEm"
"2brWccDLT5vREu0FxqH6Az","Wasting Time ( feat. Drake & The Neptunes )","74","301304","spotify:track:48WidxP9CqyYtk97pwGZ3c","[{""S"":""3tlXnStJ1fFhdScmQeLpuG""},{""S"":""3TVXtAsR1Inumwj472S9r4""},{""S"":""0KuF7reCTOZwV7YJnHQqgr""}]","48WidxP9CqyYtk97pwGZ3c"
"4gECm6iRIuekmp8r6HIko0","Hrs and Hrs","83","204316","spotify:track:3xRH6FPVtheDyNla3T1FE7","[{""S"":""7tjVFCxJdwT4NdrTmjyjQ6""}]","3xRH6FPVtheDyNla3T1FE7"
"7jvcSnCnugLcisBCNBm60s","Money for Nothing","65","506400","spotify:track:4yqtwO7MQIIXqoiRBPHAgR","[{""S"":""0WwSkZ7LtFUFjGjMZBMt6T""}]","4yqtwO7MQIIXqoiRBPHAgR"
"7n23fjZTviIUnHyvZGQjni","lost souls (with Brent Faiyaz)","83","269727","spotify:track:02rdXe0KhMe8p6ZHzYtuw0","[{""S"":""5SXuuuRpukkTvsLuUknva1""},{""S"":""3tlXnStJ1fFhdScmQeLpuG""}]","02rdXe0KhMe8p6ZHzYtuw0"
"0IomjU2bXFng4LQBYn7Het","Edge of Seventeen - 2016 Remaster","70","329413","spotify:track:7L3b6iaVhDVjfo52Hbvh9Z","[{""S"":""7crPfGd2k81ekOoSqQKWWz""}]","7L3b6iaVhDVjfo52Hbvh9Z"
"4lPqFAvgmG97pxyxQsyCQx","No Love (with SZA)","84","231497","spotify:track:08SB2OtZkaliju77WYEKxk","[{""S"":""57LYzLEk2LcFghVwuWbcuS""},{""S"":""7tYKF4w9nC0nq9CsPZTHyP""}]","08SB2OtZkaliju77WYEKxk"
"761yinsOXW3p74dFBge4c7","Everything She Ain’t","55","151973","spotify:track:3zAOcNGOFq5Q1OsN0tcxA0","[{""S"":""4e9TBaTlI3LVQz3tkTYC0I""}]","3zAOcNGOFq5Q1OsN0tcxA0"
"3SEBw5oY1ovdxTKeblEwJC","Whiskey Thinks I Am","51","208360","spotify:track:693KChIw9Cpj6Jg423rDrv","[{""S"":""2nTzAHwCk0swkDdIPj2FIP""}]","693KChIw9Cpj6Jg423rDrv"
"69K1zrf6TkXHdYUO8n2qVi","Heat Waves","90","238805","spotify:track:6CDzDgIUqeDY5g8ujExx2f","[{""S"":""4yvcSjfu4PC0CYQyLy4wSq""}]","6CDzDgIUqeDY5g8ujExx2f"
"5HBwLKK7l3N8fovxDlTBpE","Scenic Drive (feat. Ari Lennox & Smino)","76","249773","spotify:track:6zIen2DYr2t19vbwqgORY2","[{""S"":""6LuN9FCkKOj5PcnpouEgny""},{""S"":""1vaQ6v3pOFxAIrFoPrAcom""},{""S"":""1ybINI1qPiFbwDXamRtwxD""}]","6zIen2DYr2t19vbwqgORY2"
"2udAdxSFdILUt3vK12F48I","off the leash! (feat. yvngxchris and Luisss)","65","192114","spotify:track:6x3BWyMi95035qz5pB8snv","[{""S"":""1xgl9yxqIVq8PEEMai38uV""},{""S"":""2qB0DlFsQOpNh0bdMCJLwr""},{""S"":""1QQITM74vtuxr0JbguPWNI""}]","6x3BWyMi95035qz5pB8snv"
"76WqCsxS7fRE2xx1h9bUzN","New Sensation - 2017 Remaster","45","220160","spotify:track:03Z0v1NYSk186ajlxqHSx4","[{""S"":""1eClJfHLoDI4rZe5HxzBFv""}]","03Z0v1NYSk186ajlxqHSx4"
"3h4aKAY35vJTr0GFpbB03r","I Love It","54","171008","spotify:track:13jvtLuv8vRg2fmvClhWP1","[{""S"":""6oUVQSkgFOPuv5g2hRCONc""},{""S"":""7502fDxg339jvGV08Jd4R0""}]","13jvtLuv8vRg2fmvClhWP1"
"2ny0Q7DWoI2GH1TlQTuBdD","Tequila Little Time","72","207161","spotify:track:15npbUjCgwt2lRvyrJvyxw","[{""S"":""4MoAOfV4ROWofLG3a3hhBN""}]","15npbUjCgwt2lRvyrJvyxw"
"61sqBAbQjzK6yiwRGokeUz","Tragic","62","207314","spotify:track:6BkYYJzfpG3u4Rs4VLXAie","[{""S"":""7gSjFKpVmDgC2MMsnN8CYq""}]","6BkYYJzfpG3u4Rs4VLXAie"
"5AnJbiMebwoHI7mwgbhv2H","Over","70","205275","spotify:track:1DOgkaR5Gqa8JtPEIbQORC","[{""S"":""5Vuvs6Py2JRU7WiFDVsI7J""}]","1DOgkaR5Gqa8JtPEIbQORC"
"7vFiXBUWlapCxGcKni9vh0","Learn From It","68","179173","spotify:track:2CqfyB7PQznYxHNSmmF6lE","[{""S"":""0y2FPygoi6LVc75pxCgsMk""}]","2CqfyB7PQznYxHNSmmF6lE"
"1g56wNgEleOMrM0gYypkZF","MMM MMM (The Remix) [feat. ATL Jacob, Latto & Moneybagg Yo]","55","208915","spotify:track:4QpNg4wDBtdevpOZFKYabg","[{""S"":""1YRqgFNXqRyMDRr8ClS1NL""},{""S"":""3tJoFztHeIJkJWMrx0td2f""},{""S"":""7jAs1uPnpfNmT6e5qtEPxq""},{""S"":""3MdXrJWsbVzdn6fe5JYkSQ""}]","4QpNg4wDBtdevpOZFKYabg"
"5LMGAYhn2ywaxGZdtmXGpw","Sharp Dressed Man - 2008 Remaster","75","258026","spotify:track:1UBQ5GK8JaQjm5VbkBZY66","[{""S"":""2AM4ilv6UzW0uMRuqKtDgN""}]","1UBQ5GK8JaQjm5VbkBZY66"
"5Za6bPaih2yat0OZgvns7X","Champagne Fights","46","148375","spotify:track:2jDNxarXYJ33wnVNWpinL7","[{""S"":""7Mkl8rsG7ZMoh0SZPuVZUW""}]","2jDNxarXYJ33wnVNWpinL7"
"2ydfeIUCt4BnkVb9hUu39t","If It Weren't For You","59","196312","spotify:track:6gdHaep5FFl6hhz6JGYEjb","[{""S"":""07EtCDnMb2POsxltRSxWge""}]","6gdHaep5FFl6hhz6JGYEjb"
"6nuNgD841boUffjDiI8et4","Found (feat. Brent Faiyaz)","72","209454","spotify:track:0GGfGINoVYiSFXPOjg3RHj","[{""S"":""687cZJR45JO7jhk1LHIbgq""},{""S"":""3tlXnStJ1fFhdScmQeLpuG""}]","0GGfGINoVYiSFXPOjg3RHj"
"0W0hWx78UcbHEe3MlmSjv9","New Old Trucks (feat. Dierks Bentley)","55","191226","spotify:track:6HSCKjyGjvpOdDdZ7vEtsl","[{""S"":""54lUDwCk35ihJuK3yJCqHA""},{""S"":""7x8nK0m0cP2ksQf0mjWdPS""}]","6HSCKjyGjvpOdDdZ7vEtsl"
"7ucm85tRsWk6EyVHaYAxe9","I Love You So","93","160239","spotify:track:4SqWKzw0CbA05TGszDgMlc","[{""S"":""027TpXKGwdXP7iwbjUSpV8""}]","4SqWKzw0CbA05TGszDgMlc"
"2uTfFkCuPeJPF5PzTCQcQb","Hurts the Healing","54","162586","spotify:track:5Ao5ZEjJNQCLuxCBIPRRJM","[{""S"":""29ijED2bnnprp2TciAK1aO""}]","5Ao5ZEjJNQCLuxCBIPRRJM"
"6NX8YvOxgXYaZSLkpT78ax","Skelly","47","131657","spotify:track:05VcUOSLzbyxAAFiBNMFEe","[{""S"":""3EIX8WuD9ybB4ruz0MSilB""}]","05VcUOSLzbyxAAFiBNMFEe"
"1NDrL1t8NNB233FRqbzzoK","Allegations (feat. Pooh Shiesty)","60","160000","spotify:track:1Fhb9neDPyEyTaZZ3qmIn4","[{""S"":""4nZmMrwH6LxHnCzQv4IFUE""},{""S"":""5F1aAS1duwlzExnPs3l2Xe""}]","1Fhb9neDPyEyTaZZ3qmIn4"
"4DGpT3ZtTOumlxhbmw69DD","Wilder Days","5","251293","spotify:track:0XxNamjHxu0ercIQmWNkRT","[{""S"":""4eYE8Z6cfEHEdG22lTyucP""}]","0XxNamjHxu0ercIQmWNkRT"
"4WyhB7bn1Dy3w7GBWUAO1a","At the End of a Bar","72","186373","spotify:track:2NYOqKy4VX6dqVtzrv1Cx9","[{""S"":""4BYxqVkZyFjtik7crYLg5Q""},{""S"":""1p6CdzJRoicjRcSdWoB9Qc""}]","2NYOqKy4VX6dqVtzrv1Cx9"
"6reTSIf5MoBco62rk8T7Q1","Under Pressure - Remastered 2011","81","248440","spotify:track:2fuCquhmrzHpu5xcA1ci9x","[{""S"":""0oSGxfWSnnOXhD2fKuz2Gy""},{""S"":""1dfeR4HaWDbWqFHLkxsg1d""}]","2fuCquhmrzHpu5xcA1ci9x"